book_order	book_source_title	book_saas_title	book_logos_title	chapter	reference	logos_reference	export_file
1	Genesis	Genesis	Genesis	1	Genesis 1	Genesis 1	genesis_001.txt
1	Genesis	Genesis	Genesis	2	Genesis 2	Genesis 2	genesis_002.txt
1	Genesis	Genesis	Genesis	3	Genesis 3	Genesis 3	genesis_003.txt
1	Genesis	Genesis	Genesis	4	Genesis 4	Genesis 4	genesis_004.txt
1	Genesis	Genesis	Genesis	5	Genesis 5	Genesis 5	genesis_005.txt
1	Genesis	Genesis	Genesis	6	Genesis 6	Genesis 6	genesis_006.txt
1	Genesis	Genesis	Genesis	7	Genesis 7	Genesis 7	genesis_007.txt
1	Genesis	Genesis	Genesis	8	Genesis 8	Genesis 8	genesis_008.txt
1	Genesis	Genesis	Genesis	9	Genesis 9	Genesis 9	genesis_009.txt
1	Genesis	Genesis	Genesis	10	Genesis 10	Genesis 10	genesis_010.txt
1	Genesis	Genesis	Genesis	11	Genesis 11	Genesis 11	genesis_011.txt
1	Genesis	Genesis	Genesis	12	Genesis 12	Genesis 12	genesis_012.txt
1	Genesis	Genesis	Genesis	13	Genesis 13	Genesis 13	genesis_013.txt
1	Genesis	Genesis	Genesis	14	Genesis 14	Genesis 14	genesis_014.txt
1	Genesis	Genesis	Genesis	15	Genesis 15	Genesis 15	genesis_015.txt
1	Genesis	Genesis	Genesis	16	Genesis 16	Genesis 16	genesis_016.txt
1	Genesis	Genesis	Genesis	17	Genesis 17	Genesis 17	genesis_017.txt
1	Genesis	Genesis	Genesis	18	Genesis 18	Genesis 18	genesis_018.txt
1	Genesis	Genesis	Genesis	19	Genesis 19	Genesis 19	genesis_019.txt
1	Genesis	Genesis	Genesis	20	Genesis 20	Genesis 20	genesis_020.txt
1	Genesis	Genesis	Genesis	21	Genesis 21	Genesis 21	genesis_021.txt
1	Genesis	Genesis	Genesis	22	Genesis 22	Genesis 22	genesis_022.txt
1	Genesis	Genesis	Genesis	23	Genesis 23	Genesis 23	genesis_023.txt
1	Genesis	Genesis	Genesis	24	Genesis 24	Genesis 24	genesis_024.txt
1	Genesis	Genesis	Genesis	25	Genesis 25	Genesis 25	genesis_025.txt
1	Genesis	Genesis	Genesis	26	Genesis 26	Genesis 26	genesis_026.txt
1	Genesis	Genesis	Genesis	27	Genesis 27	Genesis 27	genesis_027.txt
1	Genesis	Genesis	Genesis	28	Genesis 28	Genesis 28	genesis_028.txt
1	Genesis	Genesis	Genesis	29	Genesis 29	Genesis 29	genesis_029.txt
1	Genesis	Genesis	Genesis	30	Genesis 30	Genesis 30	genesis_030.txt
1	Genesis	Genesis	Genesis	31	Genesis 31	Genesis 31	genesis_031.txt
1	Genesis	Genesis	Genesis	32	Genesis 32	Genesis 32	genesis_032.txt
1	Genesis	Genesis	Genesis	33	Genesis 33	Genesis 33	genesis_033.txt
1	Genesis	Genesis	Genesis	34	Genesis 34	Genesis 34	genesis_034.txt
1	Genesis	Genesis	Genesis	35	Genesis 35	Genesis 35	genesis_035.txt
1	Genesis	Genesis	Genesis	36	Genesis 36	Genesis 36	genesis_036.txt
1	Genesis	Genesis	Genesis	37	Genesis 37	Genesis 37	genesis_037.txt
1	Genesis	Genesis	Genesis	38	Genesis 38	Genesis 38	genesis_038.txt
1	Genesis	Genesis	Genesis	39	Genesis 39	Genesis 39	genesis_039.txt
1	Genesis	Genesis	Genesis	40	Genesis 40	Genesis 40	genesis_040.txt
1	Genesis	Genesis	Genesis	41	Genesis 41	Genesis 41	genesis_041.txt
1	Genesis	Genesis	Genesis	42	Genesis 42	Genesis 42	genesis_042.txt
1	Genesis	Genesis	Genesis	43	Genesis 43	Genesis 43	genesis_043.txt
1	Genesis	Genesis	Genesis	44	Genesis 44	Genesis 44	genesis_044.txt
1	Genesis	Genesis	Genesis	45	Genesis 45	Genesis 45	genesis_045.txt
1	Genesis	Genesis	Genesis	46	Genesis 46	Genesis 46	genesis_046.txt
1	Genesis	Genesis	Genesis	47	Genesis 47	Genesis 47	genesis_047.txt
1	Genesis	Genesis	Genesis	48	Genesis 48	Genesis 48	genesis_048.txt
1	Genesis	Genesis	Genesis	49	Genesis 49	Genesis 49	genesis_049.txt
1	Genesis	Genesis	Genesis	50	Genesis 50	Genesis 50	genesis_050.txt
2	Exodus	Exodus	Exodus	1	Exodus 1	Exodus 1	exodus_001.txt
2	Exodus	Exodus	Exodus	2	Exodus 2	Exodus 2	exodus_002.txt
2	Exodus	Exodus	Exodus	3	Exodus 3	Exodus 3	exodus_003.txt
2	Exodus	Exodus	Exodus	4	Exodus 4	Exodus 4	exodus_004.txt
2	Exodus	Exodus	Exodus	5	Exodus 5	Exodus 5	exodus_005.txt
2	Exodus	Exodus	Exodus	6	Exodus 6	Exodus 6	exodus_006.txt
2	Exodus	Exodus	Exodus	7	Exodus 7	Exodus 7	exodus_007.txt
2	Exodus	Exodus	Exodus	8	Exodus 8	Exodus 8	exodus_008.txt
2	Exodus	Exodus	Exodus	9	Exodus 9	Exodus 9	exodus_009.txt
2	Exodus	Exodus	Exodus	10	Exodus 10	Exodus 10	exodus_010.txt
2	Exodus	Exodus	Exodus	11	Exodus 11	Exodus 11	exodus_011.txt
2	Exodus	Exodus	Exodus	12	Exodus 12	Exodus 12	exodus_012.txt
2	Exodus	Exodus	Exodus	13	Exodus 13	Exodus 13	exodus_013.txt
2	Exodus	Exodus	Exodus	14	Exodus 14	Exodus 14	exodus_014.txt
2	Exodus	Exodus	Exodus	15	Exodus 15	Exodus 15	exodus_015.txt
2	Exodus	Exodus	Exodus	16	Exodus 16	Exodus 16	exodus_016.txt
2	Exodus	Exodus	Exodus	17	Exodus 17	Exodus 17	exodus_017.txt
2	Exodus	Exodus	Exodus	18	Exodus 18	Exodus 18	exodus_018.txt
2	Exodus	Exodus	Exodus	19	Exodus 19	Exodus 19	exodus_019.txt
2	Exodus	Exodus	Exodus	20	Exodus 20	Exodus 20	exodus_020.txt
2	Exodus	Exodus	Exodus	21	Exodus 21	Exodus 21	exodus_021.txt
2	Exodus	Exodus	Exodus	22	Exodus 22	Exodus 22	exodus_022.txt
2	Exodus	Exodus	Exodus	23	Exodus 23	Exodus 23	exodus_023.txt
2	Exodus	Exodus	Exodus	24	Exodus 24	Exodus 24	exodus_024.txt
2	Exodus	Exodus	Exodus	25	Exodus 25	Exodus 25	exodus_025.txt
2	Exodus	Exodus	Exodus	26	Exodus 26	Exodus 26	exodus_026.txt
2	Exodus	Exodus	Exodus	27	Exodus 27	Exodus 27	exodus_027.txt
2	Exodus	Exodus	Exodus	28	Exodus 28	Exodus 28	exodus_028.txt
2	Exodus	Exodus	Exodus	29	Exodus 29	Exodus 29	exodus_029.txt
2	Exodus	Exodus	Exodus	30	Exodus 30	Exodus 30	exodus_030.txt
2	Exodus	Exodus	Exodus	31	Exodus 31	Exodus 31	exodus_031.txt
2	Exodus	Exodus	Exodus	32	Exodus 32	Exodus 32	exodus_032.txt
2	Exodus	Exodus	Exodus	33	Exodus 33	Exodus 33	exodus_033.txt
2	Exodus	Exodus	Exodus	34	Exodus 34	Exodus 34	exodus_034.txt
2	Exodus	Exodus	Exodus	35	Exodus 35	Exodus 35	exodus_035.txt
2	Exodus	Exodus	Exodus	36	Exodus 36	Exodus 36	exodus_036.txt
2	Exodus	Exodus	Exodus	37	Exodus 37	Exodus 37	exodus_037.txt
2	Exodus	Exodus	Exodus	38	Exodus 38	Exodus 38	exodus_038.txt
2	Exodus	Exodus	Exodus	39	Exodus 39	Exodus 39	exodus_039.txt
2	Exodus	Exodus	Exodus	40	Exodus 40	Exodus 40	exodus_040.txt
3	Leviticus	Leviticus	Leviticus	1	Leviticus 1	Leviticus 1	leviticus_001.txt
3	Leviticus	Leviticus	Leviticus	2	Leviticus 2	Leviticus 2	leviticus_002.txt
3	Leviticus	Leviticus	Leviticus	3	Leviticus 3	Leviticus 3	leviticus_003.txt
3	Leviticus	Leviticus	Leviticus	4	Leviticus 4	Leviticus 4	leviticus_004.txt
3	Leviticus	Leviticus	Leviticus	5	Leviticus 5	Leviticus 5	leviticus_005.txt
3	Leviticus	Leviticus	Leviticus	6	Leviticus 6	Leviticus 6	leviticus_006.txt
3	Leviticus	Leviticus	Leviticus	7	Leviticus 7	Leviticus 7	leviticus_007.txt
3	Leviticus	Leviticus	Leviticus	8	Leviticus 8	Leviticus 8	leviticus_008.txt
3	Leviticus	Leviticus	Leviticus	9	Leviticus 9	Leviticus 9	leviticus_009.txt
3	Leviticus	Leviticus	Leviticus	10	Leviticus 10	Leviticus 10	leviticus_010.txt
3	Leviticus	Leviticus	Leviticus	11	Leviticus 11	Leviticus 11	leviticus_011.txt
3	Leviticus	Leviticus	Leviticus	12	Leviticus 12	Leviticus 12	leviticus_012.txt
3	Leviticus	Leviticus	Leviticus	13	Leviticus 13	Leviticus 13	leviticus_013.txt
3	Leviticus	Leviticus	Leviticus	14	Leviticus 14	Leviticus 14	leviticus_014.txt
3	Leviticus	Leviticus	Leviticus	15	Leviticus 15	Leviticus 15	leviticus_015.txt
3	Leviticus	Leviticus	Leviticus	16	Leviticus 16	Leviticus 16	leviticus_016.txt
3	Leviticus	Leviticus	Leviticus	17	Leviticus 17	Leviticus 17	leviticus_017.txt
3	Leviticus	Leviticus	Leviticus	18	Leviticus 18	Leviticus 18	leviticus_018.txt
3	Leviticus	Leviticus	Leviticus	19	Leviticus 19	Leviticus 19	leviticus_019.txt
3	Leviticus	Leviticus	Leviticus	20	Leviticus 20	Leviticus 20	leviticus_020.txt
3	Leviticus	Leviticus	Leviticus	21	Leviticus 21	Leviticus 21	leviticus_021.txt
3	Leviticus	Leviticus	Leviticus	22	Leviticus 22	Leviticus 22	leviticus_022.txt
3	Leviticus	Leviticus	Leviticus	23	Leviticus 23	Leviticus 23	leviticus_023.txt
3	Leviticus	Leviticus	Leviticus	24	Leviticus 24	Leviticus 24	leviticus_024.txt
3	Leviticus	Leviticus	Leviticus	25	Leviticus 25	Leviticus 25	leviticus_025.txt
3	Leviticus	Leviticus	Leviticus	26	Leviticus 26	Leviticus 26	leviticus_026.txt
3	Leviticus	Leviticus	Leviticus	27	Leviticus 27	Leviticus 27	leviticus_027.txt
4	Numbers	Numbers	Numbers	1	Numbers 1	Numbers 1	numbers_001.txt
4	Numbers	Numbers	Numbers	2	Numbers 2	Numbers 2	numbers_002.txt
4	Numbers	Numbers	Numbers	3	Numbers 3	Numbers 3	numbers_003.txt
4	Numbers	Numbers	Numbers	4	Numbers 4	Numbers 4	numbers_004.txt
4	Numbers	Numbers	Numbers	5	Numbers 5	Numbers 5	numbers_005.txt
4	Numbers	Numbers	Numbers	6	Numbers 6	Numbers 6	numbers_006.txt
4	Numbers	Numbers	Numbers	7	Numbers 7	Numbers 7	numbers_007.txt
4	Numbers	Numbers	Numbers	8	Numbers 8	Numbers 8	numbers_008.txt
4	Numbers	Numbers	Numbers	9	Numbers 9	Numbers 9	numbers_009.txt
4	Numbers	Numbers	Numbers	10	Numbers 10	Numbers 10	numbers_010.txt
4	Numbers	Numbers	Numbers	11	Numbers 11	Numbers 11	numbers_011.txt
4	Numbers	Numbers	Numbers	12	Numbers 12	Numbers 12	numbers_012.txt
4	Numbers	Numbers	Numbers	13	Numbers 13	Numbers 13	numbers_013.txt
4	Numbers	Numbers	Numbers	14	Numbers 14	Numbers 14	numbers_014.txt
4	Numbers	Numbers	Numbers	15	Numbers 15	Numbers 15	numbers_015.txt
4	Numbers	Numbers	Numbers	16	Numbers 16	Numbers 16	numbers_016.txt
4	Numbers	Numbers	Numbers	17	Numbers 17	Numbers 17	numbers_017.txt
4	Numbers	Numbers	Numbers	18	Numbers 18	Numbers 18	numbers_018.txt
4	Numbers	Numbers	Numbers	19	Numbers 19	Numbers 19	numbers_019.txt
4	Numbers	Numbers	Numbers	20	Numbers 20	Numbers 20	numbers_020.txt
4	Numbers	Numbers	Numbers	21	Numbers 21	Numbers 21	numbers_021.txt
4	Numbers	Numbers	Numbers	22	Numbers 22	Numbers 22	numbers_022.txt
4	Numbers	Numbers	Numbers	23	Numbers 23	Numbers 23	numbers_023.txt
4	Numbers	Numbers	Numbers	24	Numbers 24	Numbers 24	numbers_024.txt
4	Numbers	Numbers	Numbers	25	Numbers 25	Numbers 25	numbers_025.txt
4	Numbers	Numbers	Numbers	26	Numbers 26	Numbers 26	numbers_026.txt
4	Numbers	Numbers	Numbers	27	Numbers 27	Numbers 27	numbers_027.txt
4	Numbers	Numbers	Numbers	28	Numbers 28	Numbers 28	numbers_028.txt
4	Numbers	Numbers	Numbers	29	Numbers 29	Numbers 29	numbers_029.txt
4	Numbers	Numbers	Numbers	30	Numbers 30	Numbers 30	numbers_030.txt
4	Numbers	Numbers	Numbers	31	Numbers 31	Numbers 31	numbers_031.txt
4	Numbers	Numbers	Numbers	32	Numbers 32	Numbers 32	numbers_032.txt
4	Numbers	Numbers	Numbers	33	Numbers 33	Numbers 33	numbers_033.txt
4	Numbers	Numbers	Numbers	34	Numbers 34	Numbers 34	numbers_034.txt
4	Numbers	Numbers	Numbers	35	Numbers 35	Numbers 35	numbers_035.txt
4	Numbers	Numbers	Numbers	36	Numbers 36	Numbers 36	numbers_036.txt
5	Deuteronomy	Deuteronomy	Deuteronomy	1	Deuteronomy 1	Deuteronomy 1	deuteronomy_001.txt
5	Deuteronomy	Deuteronomy	Deuteronomy	2	Deuteronomy 2	Deuteronomy 2	deuteronomy_002.txt
5	Deuteronomy	Deuteronomy	Deuteronomy	3	Deuteronomy 3	Deuteronomy 3	deuteronomy_003.txt
5	Deuteronomy	Deuteronomy	Deuteronomy	4	Deuteronomy 4	Deuteronomy 4	deuteronomy_004.txt
5	Deuteronomy	Deuteronomy	Deuteronomy	5	Deuteronomy 5	Deuteronomy 5	deuteronomy_005.txt
5	Deuteronomy	Deuteronomy	Deuteronomy	6	Deuteronomy 6	Deuteronomy 6	deuteronomy_006.txt
5	Deuteronomy	Deuteronomy	Deuteronomy	7	Deuteronomy 7	Deuteronomy 7	deuteronomy_007.txt
5	Deuteronomy	Deuteronomy	Deuteronomy	8	Deuteronomy 8	Deuteronomy 8	deuteronomy_008.txt
5	Deuteronomy	Deuteronomy	Deuteronomy	9	Deuteronomy 9	Deuteronomy 9	deuteronomy_009.txt
5	Deuteronomy	Deuteronomy	Deuteronomy	10	Deuteronomy 10	Deuteronomy 10	deuteronomy_010.txt
5	Deuteronomy	Deuteronomy	Deuteronomy	11	Deuteronomy 11	Deuteronomy 11	deuteronomy_011.txt
5	Deuteronomy	Deuteronomy	Deuteronomy	12	Deuteronomy 12	Deuteronomy 12	deuteronomy_012.txt
5	Deuteronomy	Deuteronomy	Deuteronomy	13	Deuteronomy 13	Deuteronomy 13	deuteronomy_013.txt
5	Deuteronomy	Deuteronomy	Deuteronomy	14	Deuteronomy 14	Deuteronomy 14	deuteronomy_014.txt
5	Deuteronomy	Deuteronomy	Deuteronomy	15	Deuteronomy 15	Deuteronomy 15	deuteronomy_015.txt
5	Deuteronomy	Deuteronomy	Deuteronomy	16	Deuteronomy 16	Deuteronomy 16	deuteronomy_016.txt
5	Deuteronomy	Deuteronomy	Deuteronomy	17	Deuteronomy 17	Deuteronomy 17	deuteronomy_017.txt
5	Deuteronomy	Deuteronomy	Deuteronomy	18	Deuteronomy 18	Deuteronomy 18	deuteronomy_018.txt
5	Deuteronomy	Deuteronomy	Deuteronomy	19	Deuteronomy 19	Deuteronomy 19	deuteronomy_019.txt
5	Deuteronomy	Deuteronomy	Deuteronomy	20	Deuteronomy 20	Deuteronomy 20	deuteronomy_020.txt
5	Deuteronomy	Deuteronomy	Deuteronomy	21	Deuteronomy 21	Deuteronomy 21	deuteronomy_021.txt
5	Deuteronomy	Deuteronomy	Deuteronomy	22	Deuteronomy 22	Deuteronomy 22	deuteronomy_022.txt
5	Deuteronomy	Deuteronomy	Deuteronomy	23	Deuteronomy 23	Deuteronomy 23	deuteronomy_023.txt
5	Deuteronomy	Deuteronomy	Deuteronomy	24	Deuteronomy 24	Deuteronomy 24	deuteronomy_024.txt
5	Deuteronomy	Deuteronomy	Deuteronomy	25	Deuteronomy 25	Deuteronomy 25	deuteronomy_025.txt
5	Deuteronomy	Deuteronomy	Deuteronomy	26	Deuteronomy 26	Deuteronomy 26	deuteronomy_026.txt
5	Deuteronomy	Deuteronomy	Deuteronomy	27	Deuteronomy 27	Deuteronomy 27	deuteronomy_027.txt
5	Deuteronomy	Deuteronomy	Deuteronomy	28	Deuteronomy 28	Deuteronomy 28	deuteronomy_028.txt
5	Deuteronomy	Deuteronomy	Deuteronomy	29	Deuteronomy 29	Deuteronomy 29	deuteronomy_029.txt
5	Deuteronomy	Deuteronomy	Deuteronomy	30	Deuteronomy 30	Deuteronomy 30	deuteronomy_030.txt
5	Deuteronomy	Deuteronomy	Deuteronomy	31	Deuteronomy 31	Deuteronomy 31	deuteronomy_031.txt
5	Deuteronomy	Deuteronomy	Deuteronomy	32	Deuteronomy 32	Deuteronomy 32	deuteronomy_032.txt
5	Deuteronomy	Deuteronomy	Deuteronomy	33	Deuteronomy 33	Deuteronomy 33	deuteronomy_033.txt
5	Deuteronomy	Deuteronomy	Deuteronomy	34	Deuteronomy 34	Deuteronomy 34	deuteronomy_034.txt
6	Joshua	Joshua	Joshua	1	Joshua 1	Joshua 1	joshua_001.txt
6	Joshua	Joshua	Joshua	2	Joshua 2	Joshua 2	joshua_002.txt
6	Joshua	Joshua	Joshua	3	Joshua 3	Joshua 3	joshua_003.txt
6	Joshua	Joshua	Joshua	4	Joshua 4	Joshua 4	joshua_004.txt
6	Joshua	Joshua	Joshua	5	Joshua 5	Joshua 5	joshua_005.txt
6	Joshua	Joshua	Joshua	6	Joshua 6	Joshua 6	joshua_006.txt
6	Joshua	Joshua	Joshua	7	Joshua 7	Joshua 7	joshua_007.txt
6	Joshua	Joshua	Joshua	8	Joshua 8	Joshua 8	joshua_008.txt
6	Joshua	Joshua	Joshua	9	Joshua 9	Joshua 9	joshua_009.txt
6	Joshua	Joshua	Joshua	10	Joshua 10	Joshua 10	joshua_010.txt
6	Joshua	Joshua	Joshua	11	Joshua 11	Joshua 11	joshua_011.txt
6	Joshua	Joshua	Joshua	12	Joshua 12	Joshua 12	joshua_012.txt
6	Joshua	Joshua	Joshua	13	Joshua 13	Joshua 13	joshua_013.txt
6	Joshua	Joshua	Joshua	14	Joshua 14	Joshua 14	joshua_014.txt
6	Joshua	Joshua	Joshua	15	Joshua 15	Joshua 15	joshua_015.txt
6	Joshua	Joshua	Joshua	16	Joshua 16	Joshua 16	joshua_016.txt
6	Joshua	Joshua	Joshua	17	Joshua 17	Joshua 17	joshua_017.txt
6	Joshua	Joshua	Joshua	18	Joshua 18	Joshua 18	joshua_018.txt
6	Joshua	Joshua	Joshua	19	Joshua 19	Joshua 19	joshua_019.txt
6	Joshua	Joshua	Joshua	20	Joshua 20	Joshua 20	joshua_020.txt
6	Joshua	Joshua	Joshua	21	Joshua 21	Joshua 21	joshua_021.txt
6	Joshua	Joshua	Joshua	22	Joshua 22	Joshua 22	joshua_022.txt
6	Joshua	Joshua	Joshua	23	Joshua 23	Joshua 23	joshua_023.txt
6	Joshua	Joshua	Joshua	24	Joshua 24	Joshua 24	joshua_024.txt
7	Judges	Judges	Judges	1	Judges 1	Judges 1	judges_001.txt
7	Judges	Judges	Judges	2	Judges 2	Judges 2	judges_002.txt
7	Judges	Judges	Judges	3	Judges 3	Judges 3	judges_003.txt
7	Judges	Judges	Judges	4	Judges 4	Judges 4	judges_004.txt
7	Judges	Judges	Judges	5	Judges 5	Judges 5	judges_005.txt
7	Judges	Judges	Judges	6	Judges 6	Judges 6	judges_006.txt
7	Judges	Judges	Judges	7	Judges 7	Judges 7	judges_007.txt
7	Judges	Judges	Judges	8	Judges 8	Judges 8	judges_008.txt
7	Judges	Judges	Judges	9	Judges 9	Judges 9	judges_009.txt
7	Judges	Judges	Judges	10	Judges 10	Judges 10	judges_010.txt
7	Judges	Judges	Judges	11	Judges 11	Judges 11	judges_011.txt
7	Judges	Judges	Judges	12	Judges 12	Judges 12	judges_012.txt
7	Judges	Judges	Judges	13	Judges 13	Judges 13	judges_013.txt
7	Judges	Judges	Judges	14	Judges 14	Judges 14	judges_014.txt
7	Judges	Judges	Judges	15	Judges 15	Judges 15	judges_015.txt
7	Judges	Judges	Judges	16	Judges 16	Judges 16	judges_016.txt
7	Judges	Judges	Judges	17	Judges 17	Judges 17	judges_017.txt
7	Judges	Judges	Judges	18	Judges 18	Judges 18	judges_018.txt
7	Judges	Judges	Judges	19	Judges 19	Judges 19	judges_019.txt
7	Judges	Judges	Judges	20	Judges 20	Judges 20	judges_020.txt
7	Judges	Judges	Judges	21	Judges 21	Judges 21	judges_021.txt
8	Ruth	Ruth	Ruth	1	Ruth 1	Ruth 1	ruth_001.txt
8	Ruth	Ruth	Ruth	2	Ruth 2	Ruth 2	ruth_002.txt
8	Ruth	Ruth	Ruth	3	Ruth 3	Ruth 3	ruth_003.txt
8	Ruth	Ruth	Ruth	4	Ruth 4	Ruth 4	ruth_004.txt
9	1 Samuel	1 Kingdoms	1 Kingdoms	1	1 Kingdoms 1	1 Kingdoms 1	1_kingdoms_001.txt
9	1 Samuel	1 Kingdoms	1 Kingdoms	2	1 Kingdoms 2	1 Kingdoms 2	1_kingdoms_002.txt
9	1 Samuel	1 Kingdoms	1 Kingdoms	3	1 Kingdoms 3	1 Kingdoms 3	1_kingdoms_003.txt
9	1 Samuel	1 Kingdoms	1 Kingdoms	4	1 Kingdoms 4	1 Kingdoms 4	1_kingdoms_004.txt
9	1 Samuel	1 Kingdoms	1 Kingdoms	5	1 Kingdoms 5	1 Kingdoms 5	1_kingdoms_005.txt
9	1 Samuel	1 Kingdoms	1 Kingdoms	6	1 Kingdoms 6	1 Kingdoms 6	1_kingdoms_006.txt
9	1 Samuel	1 Kingdoms	1 Kingdoms	7	1 Kingdoms 7	1 Kingdoms 7	1_kingdoms_007.txt
9	1 Samuel	1 Kingdoms	1 Kingdoms	8	1 Kingdoms 8	1 Kingdoms 8	1_kingdoms_008.txt
9	1 Samuel	1 Kingdoms	1 Kingdoms	9	1 Kingdoms 9	1 Kingdoms 9	1_kingdoms_009.txt
9	1 Samuel	1 Kingdoms	1 Kingdoms	10	1 Kingdoms 10	1 Kingdoms 10	1_kingdoms_010.txt
9	1 Samuel	1 Kingdoms	1 Kingdoms	11	1 Kingdoms 11	1 Kingdoms 11	1_kingdoms_011.txt
9	1 Samuel	1 Kingdoms	1 Kingdoms	12	1 Kingdoms 12	1 Kingdoms 12	1_kingdoms_012.txt
9	1 Samuel	1 Kingdoms	1 Kingdoms	13	1 Kingdoms 13	1 Kingdoms 13	1_kingdoms_013.txt
9	1 Samuel	1 Kingdoms	1 Kingdoms	14	1 Kingdoms 14	1 Kingdoms 14	1_kingdoms_014.txt
9	1 Samuel	1 Kingdoms	1 Kingdoms	15	1 Kingdoms 15	1 Kingdoms 15	1_kingdoms_015.txt
9	1 Samuel	1 Kingdoms	1 Kingdoms	16	1 Kingdoms 16	1 Kingdoms 16	1_kingdoms_016.txt
9	1 Samuel	1 Kingdoms	1 Kingdoms	17	1 Kingdoms 17	1 Kingdoms 17	1_kingdoms_017.txt
9	1 Samuel	1 Kingdoms	1 Kingdoms	18	1 Kingdoms 18	1 Kingdoms 18	1_kingdoms_018.txt
9	1 Samuel	1 Kingdoms	1 Kingdoms	19	1 Kingdoms 19	1 Kingdoms 19	1_kingdoms_019.txt
9	1 Samuel	1 Kingdoms	1 Kingdoms	20	1 Kingdoms 20	1 Kingdoms 20	1_kingdoms_020.txt
9	1 Samuel	1 Kingdoms	1 Kingdoms	21	1 Kingdoms 21	1 Kingdoms 21	1_kingdoms_021.txt
9	1 Samuel	1 Kingdoms	1 Kingdoms	22	1 Kingdoms 22	1 Kingdoms 22	1_kingdoms_022.txt
9	1 Samuel	1 Kingdoms	1 Kingdoms	23	1 Kingdoms 23	1 Kingdoms 23	1_kingdoms_023.txt
9	1 Samuel	1 Kingdoms	1 Kingdoms	24	1 Kingdoms 24	1 Kingdoms 24	1_kingdoms_024.txt
9	1 Samuel	1 Kingdoms	1 Kingdoms	25	1 Kingdoms 25	1 Kingdoms 25	1_kingdoms_025.txt
9	1 Samuel	1 Kingdoms	1 Kingdoms	26	1 Kingdoms 26	1 Kingdoms 26	1_kingdoms_026.txt
9	1 Samuel	1 Kingdoms	1 Kingdoms	27	1 Kingdoms 27	1 Kingdoms 27	1_kingdoms_027.txt
9	1 Samuel	1 Kingdoms	1 Kingdoms	28	1 Kingdoms 28	1 Kingdoms 28	1_kingdoms_028.txt
9	1 Samuel	1 Kingdoms	1 Kingdoms	29	1 Kingdoms 29	1 Kingdoms 29	1_kingdoms_029.txt
9	1 Samuel	1 Kingdoms	1 Kingdoms	30	1 Kingdoms 30	1 Kingdoms 30	1_kingdoms_030.txt
9	1 Samuel	1 Kingdoms	1 Kingdoms	31	1 Kingdoms 31	1 Kingdoms 31	1_kingdoms_031.txt
10	2 Samuel	2 Kingdoms	2 Kingdoms	1	2 Kingdoms 1	2 Kingdoms 1	2_kingdoms_001.txt
10	2 Samuel	2 Kingdoms	2 Kingdoms	2	2 Kingdoms 2	2 Kingdoms 2	2_kingdoms_002.txt
10	2 Samuel	2 Kingdoms	2 Kingdoms	3	2 Kingdoms 3	2 Kingdoms 3	2_kingdoms_003.txt
10	2 Samuel	2 Kingdoms	2 Kingdoms	4	2 Kingdoms 4	2 Kingdoms 4	2_kingdoms_004.txt
10	2 Samuel	2 Kingdoms	2 Kingdoms	5	2 Kingdoms 5	2 Kingdoms 5	2_kingdoms_005.txt
10	2 Samuel	2 Kingdoms	2 Kingdoms	6	2 Kingdoms 6	2 Kingdoms 6	2_kingdoms_006.txt
10	2 Samuel	2 Kingdoms	2 Kingdoms	7	2 Kingdoms 7	2 Kingdoms 7	2_kingdoms_007.txt
10	2 Samuel	2 Kingdoms	2 Kingdoms	8	2 Kingdoms 8	2 Kingdoms 8	2_kingdoms_008.txt
10	2 Samuel	2 Kingdoms	2 Kingdoms	9	2 Kingdoms 9	2 Kingdoms 9	2_kingdoms_009.txt
10	2 Samuel	2 Kingdoms	2 Kingdoms	10	2 Kingdoms 10	2 Kingdoms 10	2_kingdoms_010.txt
10	2 Samuel	2 Kingdoms	2 Kingdoms	11	2 Kingdoms 11	2 Kingdoms 11	2_kingdoms_011.txt
10	2 Samuel	2 Kingdoms	2 Kingdoms	12	2 Kingdoms 12	2 Kingdoms 12	2_kingdoms_012.txt
10	2 Samuel	2 Kingdoms	2 Kingdoms	13	2 Kingdoms 13	2 Kingdoms 13	2_kingdoms_013.txt
10	2 Samuel	2 Kingdoms	2 Kingdoms	14	2 Kingdoms 14	2 Kingdoms 14	2_kingdoms_014.txt
10	2 Samuel	2 Kingdoms	2 Kingdoms	15	2 Kingdoms 15	2 Kingdoms 15	2_kingdoms_015.txt
10	2 Samuel	2 Kingdoms	2 Kingdoms	16	2 Kingdoms 16	2 Kingdoms 16	2_kingdoms_016.txt
10	2 Samuel	2 Kingdoms	2 Kingdoms	17	2 Kingdoms 17	2 Kingdoms 17	2_kingdoms_017.txt
10	2 Samuel	2 Kingdoms	2 Kingdoms	18	2 Kingdoms 18	2 Kingdoms 18	2_kingdoms_018.txt
10	2 Samuel	2 Kingdoms	2 Kingdoms	19	2 Kingdoms 19	2 Kingdoms 19	2_kingdoms_019.txt
10	2 Samuel	2 Kingdoms	2 Kingdoms	20	2 Kingdoms 20	2 Kingdoms 20	2_kingdoms_020.txt
10	2 Samuel	2 Kingdoms	2 Kingdoms	21	2 Kingdoms 21	2 Kingdoms 21	2_kingdoms_021.txt
10	2 Samuel	2 Kingdoms	2 Kingdoms	22	2 Kingdoms 22	2 Kingdoms 22	2_kingdoms_022.txt
10	2 Samuel	2 Kingdoms	2 Kingdoms	23	2 Kingdoms 23	2 Kingdoms 23	2_kingdoms_023.txt
10	2 Samuel	2 Kingdoms	2 Kingdoms	24	2 Kingdoms 24	2 Kingdoms 24	2_kingdoms_024.txt
11	1 Kings	3 Kingdoms	3 Kingdoms	1	3 Kingdoms 1	3 Kingdoms 1	3_kingdoms_001.txt
11	1 Kings	3 Kingdoms	3 Kingdoms	2	3 Kingdoms 2	3 Kingdoms 2	3_kingdoms_002.txt
11	1 Kings	3 Kingdoms	3 Kingdoms	3	3 Kingdoms 3	3 Kingdoms 3	3_kingdoms_003.txt
11	1 Kings	3 Kingdoms	3 Kingdoms	4	3 Kingdoms 4	3 Kingdoms 4	3_kingdoms_004.txt
11	1 Kings	3 Kingdoms	3 Kingdoms	5	3 Kingdoms 5	3 Kingdoms 5	3_kingdoms_005.txt
11	1 Kings	3 Kingdoms	3 Kingdoms	6	3 Kingdoms 6	3 Kingdoms 6	3_kingdoms_006.txt
11	1 Kings	3 Kingdoms	3 Kingdoms	7	3 Kingdoms 7	3 Kingdoms 7	3_kingdoms_007.txt
11	1 Kings	3 Kingdoms	3 Kingdoms	8	3 Kingdoms 8	3 Kingdoms 8	3_kingdoms_008.txt
11	1 Kings	3 Kingdoms	3 Kingdoms	9	3 Kingdoms 9	3 Kingdoms 9	3_kingdoms_009.txt
11	1 Kings	3 Kingdoms	3 Kingdoms	10	3 Kingdoms 10	3 Kingdoms 10	3_kingdoms_010.txt
11	1 Kings	3 Kingdoms	3 Kingdoms	11	3 Kingdoms 11	3 Kingdoms 11	3_kingdoms_011.txt
11	1 Kings	3 Kingdoms	3 Kingdoms	12	3 Kingdoms 12	3 Kingdoms 12	3_kingdoms_012.txt
11	1 Kings	3 Kingdoms	3 Kingdoms	13	3 Kingdoms 13	3 Kingdoms 13	3_kingdoms_013.txt
11	1 Kings	3 Kingdoms	3 Kingdoms	14	3 Kingdoms 14	3 Kingdoms 14	3_kingdoms_014.txt
11	1 Kings	3 Kingdoms	3 Kingdoms	15	3 Kingdoms 15	3 Kingdoms 15	3_kingdoms_015.txt
11	1 Kings	3 Kingdoms	3 Kingdoms	16	3 Kingdoms 16	3 Kingdoms 16	3_kingdoms_016.txt
11	1 Kings	3 Kingdoms	3 Kingdoms	17	3 Kingdoms 17	3 Kingdoms 17	3_kingdoms_017.txt
11	1 Kings	3 Kingdoms	3 Kingdoms	18	3 Kingdoms 18	3 Kingdoms 18	3_kingdoms_018.txt
11	1 Kings	3 Kingdoms	3 Kingdoms	19	3 Kingdoms 19	3 Kingdoms 19	3_kingdoms_019.txt
11	1 Kings	3 Kingdoms	3 Kingdoms	20	3 Kingdoms 20	3 Kingdoms 20	3_kingdoms_020.txt
11	1 Kings	3 Kingdoms	3 Kingdoms	21	3 Kingdoms 21	3 Kingdoms 21	3_kingdoms_021.txt
11	1 Kings	3 Kingdoms	3 Kingdoms	22	3 Kingdoms 22	3 Kingdoms 22	3_kingdoms_022.txt
12	2 Kings	4 Kingdoms	4 Kingdoms	1	4 Kingdoms 1	4 Kingdoms 1	4_kingdoms_001.txt
12	2 Kings	4 Kingdoms	4 Kingdoms	2	4 Kingdoms 2	4 Kingdoms 2	4_kingdoms_002.txt
12	2 Kings	4 Kingdoms	4 Kingdoms	3	4 Kingdoms 3	4 Kingdoms 3	4_kingdoms_003.txt
12	2 Kings	4 Kingdoms	4 Kingdoms	4	4 Kingdoms 4	4 Kingdoms 4	4_kingdoms_004.txt
12	2 Kings	4 Kingdoms	4 Kingdoms	5	4 Kingdoms 5	4 Kingdoms 5	4_kingdoms_005.txt
12	2 Kings	4 Kingdoms	4 Kingdoms	6	4 Kingdoms 6	4 Kingdoms 6	4_kingdoms_006.txt
12	2 Kings	4 Kingdoms	4 Kingdoms	7	4 Kingdoms 7	4 Kingdoms 7	4_kingdoms_007.txt
12	2 Kings	4 Kingdoms	4 Kingdoms	8	4 Kingdoms 8	4 Kingdoms 8	4_kingdoms_008.txt
12	2 Kings	4 Kingdoms	4 Kingdoms	9	4 Kingdoms 9	4 Kingdoms 9	4_kingdoms_009.txt
12	2 Kings	4 Kingdoms	4 Kingdoms	10	4 Kingdoms 10	4 Kingdoms 10	4_kingdoms_010.txt
12	2 Kings	4 Kingdoms	4 Kingdoms	11	4 Kingdoms 11	4 Kingdoms 11	4_kingdoms_011.txt
12	2 Kings	4 Kingdoms	4 Kingdoms	12	4 Kingdoms 12	4 Kingdoms 12	4_kingdoms_012.txt
12	2 Kings	4 Kingdoms	4 Kingdoms	13	4 Kingdoms 13	4 Kingdoms 13	4_kingdoms_013.txt
12	2 Kings	4 Kingdoms	4 Kingdoms	14	4 Kingdoms 14	4 Kingdoms 14	4_kingdoms_014.txt
12	2 Kings	4 Kingdoms	4 Kingdoms	15	4 Kingdoms 15	4 Kingdoms 15	4_kingdoms_015.txt
12	2 Kings	4 Kingdoms	4 Kingdoms	16	4 Kingdoms 16	4 Kingdoms 16	4_kingdoms_016.txt
12	2 Kings	4 Kingdoms	4 Kingdoms	17	4 Kingdoms 17	4 Kingdoms 17	4_kingdoms_017.txt
12	2 Kings	4 Kingdoms	4 Kingdoms	18	4 Kingdoms 18	4 Kingdoms 18	4_kingdoms_018.txt
12	2 Kings	4 Kingdoms	4 Kingdoms	19	4 Kingdoms 19	4 Kingdoms 19	4_kingdoms_019.txt
12	2 Kings	4 Kingdoms	4 Kingdoms	20	4 Kingdoms 20	4 Kingdoms 20	4_kingdoms_020.txt
12	2 Kings	4 Kingdoms	4 Kingdoms	21	4 Kingdoms 21	4 Kingdoms 21	4_kingdoms_021.txt
12	2 Kings	4 Kingdoms	4 Kingdoms	22	4 Kingdoms 22	4 Kingdoms 22	4_kingdoms_022.txt
12	2 Kings	4 Kingdoms	4 Kingdoms	23	4 Kingdoms 23	4 Kingdoms 23	4_kingdoms_023.txt
12	2 Kings	4 Kingdoms	4 Kingdoms	24	4 Kingdoms 24	4 Kingdoms 24	4_kingdoms_024.txt
12	2 Kings	4 Kingdoms	4 Kingdoms	25	4 Kingdoms 25	4 Kingdoms 25	4_kingdoms_025.txt
13	1 Chronicles	1 Chronicles	1 Chronicles	1	1 Chronicles 1	1 Chronicles 1	1_chronicles_001.txt
13	1 Chronicles	1 Chronicles	1 Chronicles	2	1 Chronicles 2	1 Chronicles 2	1_chronicles_002.txt
13	1 Chronicles	1 Chronicles	1 Chronicles	3	1 Chronicles 3	1 Chronicles 3	1_chronicles_003.txt
13	1 Chronicles	1 Chronicles	1 Chronicles	4	1 Chronicles 4	1 Chronicles 4	1_chronicles_004.txt
13	1 Chronicles	1 Chronicles	1 Chronicles	5	1 Chronicles 5	1 Chronicles 5	1_chronicles_005.txt
13	1 Chronicles	1 Chronicles	1 Chronicles	6	1 Chronicles 6	1 Chronicles 6	1_chronicles_006.txt
13	1 Chronicles	1 Chronicles	1 Chronicles	7	1 Chronicles 7	1 Chronicles 7	1_chronicles_007.txt
13	1 Chronicles	1 Chronicles	1 Chronicles	8	1 Chronicles 8	1 Chronicles 8	1_chronicles_008.txt
13	1 Chronicles	1 Chronicles	1 Chronicles	9	1 Chronicles 9	1 Chronicles 9	1_chronicles_009.txt
13	1 Chronicles	1 Chronicles	1 Chronicles	10	1 Chronicles 10	1 Chronicles 10	1_chronicles_010.txt
13	1 Chronicles	1 Chronicles	1 Chronicles	11	1 Chronicles 11	1 Chronicles 11	1_chronicles_011.txt
13	1 Chronicles	1 Chronicles	1 Chronicles	12	1 Chronicles 12	1 Chronicles 12	1_chronicles_012.txt
13	1 Chronicles	1 Chronicles	1 Chronicles	13	1 Chronicles 13	1 Chronicles 13	1_chronicles_013.txt
13	1 Chronicles	1 Chronicles	1 Chronicles	14	1 Chronicles 14	1 Chronicles 14	1_chronicles_014.txt
13	1 Chronicles	1 Chronicles	1 Chronicles	15	1 Chronicles 15	1 Chronicles 15	1_chronicles_015.txt
13	1 Chronicles	1 Chronicles	1 Chronicles	16	1 Chronicles 16	1 Chronicles 16	1_chronicles_016.txt
13	1 Chronicles	1 Chronicles	1 Chronicles	17	1 Chronicles 17	1 Chronicles 17	1_chronicles_017.txt
13	1 Chronicles	1 Chronicles	1 Chronicles	18	1 Chronicles 18	1 Chronicles 18	1_chronicles_018.txt
13	1 Chronicles	1 Chronicles	1 Chronicles	19	1 Chronicles 19	1 Chronicles 19	1_chronicles_019.txt
13	1 Chronicles	1 Chronicles	1 Chronicles	20	1 Chronicles 20	1 Chronicles 20	1_chronicles_020.txt
13	1 Chronicles	1 Chronicles	1 Chronicles	21	1 Chronicles 21	1 Chronicles 21	1_chronicles_021.txt
13	1 Chronicles	1 Chronicles	1 Chronicles	22	1 Chronicles 22	1 Chronicles 22	1_chronicles_022.txt
13	1 Chronicles	1 Chronicles	1 Chronicles	23	1 Chronicles 23	1 Chronicles 23	1_chronicles_023.txt
13	1 Chronicles	1 Chronicles	1 Chronicles	24	1 Chronicles 24	1 Chronicles 24	1_chronicles_024.txt
13	1 Chronicles	1 Chronicles	1 Chronicles	25	1 Chronicles 25	1 Chronicles 25	1_chronicles_025.txt
13	1 Chronicles	1 Chronicles	1 Chronicles	26	1 Chronicles 26	1 Chronicles 26	1_chronicles_026.txt
13	1 Chronicles	1 Chronicles	1 Chronicles	27	1 Chronicles 27	1 Chronicles 27	1_chronicles_027.txt
13	1 Chronicles	1 Chronicles	1 Chronicles	28	1 Chronicles 28	1 Chronicles 28	1_chronicles_028.txt
13	1 Chronicles	1 Chronicles	1 Chronicles	29	1 Chronicles 29	1 Chronicles 29	1_chronicles_029.txt
14	2 Chronicles	2 Chronicles	2 Chronicles	1	2 Chronicles 1	2 Chronicles 1	2_chronicles_001.txt
14	2 Chronicles	2 Chronicles	2 Chronicles	2	2 Chronicles 2	2 Chronicles 2	2_chronicles_002.txt
14	2 Chronicles	2 Chronicles	2 Chronicles	3	2 Chronicles 3	2 Chronicles 3	2_chronicles_003.txt
14	2 Chronicles	2 Chronicles	2 Chronicles	4	2 Chronicles 4	2 Chronicles 4	2_chronicles_004.txt
14	2 Chronicles	2 Chronicles	2 Chronicles	5	2 Chronicles 5	2 Chronicles 5	2_chronicles_005.txt
14	2 Chronicles	2 Chronicles	2 Chronicles	6	2 Chronicles 6	2 Chronicles 6	2_chronicles_006.txt
14	2 Chronicles	2 Chronicles	2 Chronicles	7	2 Chronicles 7	2 Chronicles 7	2_chronicles_007.txt
14	2 Chronicles	2 Chronicles	2 Chronicles	8	2 Chronicles 8	2 Chronicles 8	2_chronicles_008.txt
14	2 Chronicles	2 Chronicles	2 Chronicles	9	2 Chronicles 9	2 Chronicles 9	2_chronicles_009.txt
14	2 Chronicles	2 Chronicles	2 Chronicles	10	2 Chronicles 10	2 Chronicles 10	2_chronicles_010.txt
14	2 Chronicles	2 Chronicles	2 Chronicles	11	2 Chronicles 11	2 Chronicles 11	2_chronicles_011.txt
14	2 Chronicles	2 Chronicles	2 Chronicles	12	2 Chronicles 12	2 Chronicles 12	2_chronicles_012.txt
14	2 Chronicles	2 Chronicles	2 Chronicles	13	2 Chronicles 13	2 Chronicles 13	2_chronicles_013.txt
14	2 Chronicles	2 Chronicles	2 Chronicles	14	2 Chronicles 14	2 Chronicles 14	2_chronicles_014.txt
14	2 Chronicles	2 Chronicles	2 Chronicles	15	2 Chronicles 15	2 Chronicles 15	2_chronicles_015.txt
14	2 Chronicles	2 Chronicles	2 Chronicles	16	2 Chronicles 16	2 Chronicles 16	2_chronicles_016.txt
14	2 Chronicles	2 Chronicles	2 Chronicles	17	2 Chronicles 17	2 Chronicles 17	2_chronicles_017.txt
14	2 Chronicles	2 Chronicles	2 Chronicles	18	2 Chronicles 18	2 Chronicles 18	2_chronicles_018.txt
14	2 Chronicles	2 Chronicles	2 Chronicles	19	2 Chronicles 19	2 Chronicles 19	2_chronicles_019.txt
14	2 Chronicles	2 Chronicles	2 Chronicles	20	2 Chronicles 20	2 Chronicles 20	2_chronicles_020.txt
14	2 Chronicles	2 Chronicles	2 Chronicles	21	2 Chronicles 21	2 Chronicles 21	2_chronicles_021.txt
14	2 Chronicles	2 Chronicles	2 Chronicles	22	2 Chronicles 22	2 Chronicles 22	2_chronicles_022.txt
14	2 Chronicles	2 Chronicles	2 Chronicles	23	2 Chronicles 23	2 Chronicles 23	2_chronicles_023.txt
14	2 Chronicles	2 Chronicles	2 Chronicles	24	2 Chronicles 24	2 Chronicles 24	2_chronicles_024.txt
14	2 Chronicles	2 Chronicles	2 Chronicles	25	2 Chronicles 25	2 Chronicles 25	2_chronicles_025.txt
14	2 Chronicles	2 Chronicles	2 Chronicles	26	2 Chronicles 26	2 Chronicles 26	2_chronicles_026.txt
14	2 Chronicles	2 Chronicles	2 Chronicles	27	2 Chronicles 27	2 Chronicles 27	2_chronicles_027.txt
14	2 Chronicles	2 Chronicles	2 Chronicles	28	2 Chronicles 28	2 Chronicles 28	2_chronicles_028.txt
14	2 Chronicles	2 Chronicles	2 Chronicles	29	2 Chronicles 29	2 Chronicles 29	2_chronicles_029.txt
14	2 Chronicles	2 Chronicles	2 Chronicles	30	2 Chronicles 30	2 Chronicles 30	2_chronicles_030.txt
14	2 Chronicles	2 Chronicles	2 Chronicles	31	2 Chronicles 31	2 Chronicles 31	2_chronicles_031.txt
14	2 Chronicles	2 Chronicles	2 Chronicles	32	2 Chronicles 32	2 Chronicles 32	2_chronicles_032.txt
14	2 Chronicles	2 Chronicles	2 Chronicles	33	2 Chronicles 33	2 Chronicles 33	2_chronicles_033.txt
14	2 Chronicles	2 Chronicles	2 Chronicles	34	2 Chronicles 34	2 Chronicles 34	2_chronicles_034.txt
14	2 Chronicles	2 Chronicles	2 Chronicles	35	2 Chronicles 35	2 Chronicles 35	2_chronicles_035.txt
14	2 Chronicles	2 Chronicles	2 Chronicles	36	2 Chronicles 36	2 Chronicles 36	2_chronicles_036.txt
14	2 Chronicles	2 Chronicles	2 Chronicles	37	2 Chronicles 37	2 Chronicles 37	2_chronicles_037.txt
15	Ezra	1 Esdras	1 Esdras	1	1 Esdras 1	1 Esdras 1	1_esdras_001.txt
15	Ezra	1 Esdras	1 Esdras	2	1 Esdras 2	1 Esdras 2	1_esdras_002.txt
15	Ezra	1 Esdras	1 Esdras	3	1 Esdras 3	1 Esdras 3	1_esdras_003.txt
15	Ezra	1 Esdras	1 Esdras	4	1 Esdras 4	1 Esdras 4	1_esdras_004.txt
15	Ezra	1 Esdras	1 Esdras	5	1 Esdras 5	1 Esdras 5	1_esdras_005.txt
15	Ezra	1 Esdras	1 Esdras	6	1 Esdras 6	1 Esdras 6	1_esdras_006.txt
15	Ezra	1 Esdras	1 Esdras	7	1 Esdras 7	1 Esdras 7	1_esdras_007.txt
15	Ezra	1 Esdras	1 Esdras	8	1 Esdras 8	1 Esdras 8	1_esdras_008.txt
15	Ezra	1 Esdras	1 Esdras	9	1 Esdras 9	1 Esdras 9	1_esdras_009.txt
16		2 Esdras	2 Esdras	1	2 Esdras 1	2 Esdras 1	2_esdras_001.txt
16		2 Esdras	2 Esdras	2	2 Esdras 2	2 Esdras 2	2_esdras_002.txt
16		2 Esdras	2 Esdras	3	2 Esdras 3	2 Esdras 3	2_esdras_003.txt
16		2 Esdras	2 Esdras	4	2 Esdras 4	2 Esdras 4	2_esdras_004.txt
16		2 Esdras	2 Esdras	5	2 Esdras 5	2 Esdras 5	2_esdras_005.txt
16		2 Esdras	2 Esdras	6	2 Esdras 6	2 Esdras 6	2_esdras_006.txt
16		2 Esdras	2 Esdras	7	2 Esdras 7	2 Esdras 7	2_esdras_007.txt
16		2 Esdras	2 Esdras	8	2 Esdras 8	2 Esdras 8	2_esdras_008.txt
16		2 Esdras	2 Esdras	9	2 Esdras 9	2 Esdras 9	2_esdras_009.txt
16		2 Esdras	2 Esdras	10	2 Esdras 10	2 Esdras 10	2_esdras_010.txt
17	Nehemiah	Nehemiah	Nehemiah	1	Nehemiah 1	Nehemiah 1	nehemiah_001.txt
17	Nehemiah	Nehemiah	Nehemiah	2	Nehemiah 2	Nehemiah 2	nehemiah_002.txt
17	Nehemiah	Nehemiah	Nehemiah	3	Nehemiah 3	Nehemiah 3	nehemiah_003.txt
17	Nehemiah	Nehemiah	Nehemiah	4	Nehemiah 4	Nehemiah 4	nehemiah_004.txt
17	Nehemiah	Nehemiah	Nehemiah	5	Nehemiah 5	Nehemiah 5	nehemiah_005.txt
17	Nehemiah	Nehemiah	Nehemiah	6	Nehemiah 6	Nehemiah 6	nehemiah_006.txt
17	Nehemiah	Nehemiah	Nehemiah	7	Nehemiah 7	Nehemiah 7	nehemiah_007.txt
17	Nehemiah	Nehemiah	Nehemiah	8	Nehemiah 8	Nehemiah 8	nehemiah_008.txt
17	Nehemiah	Nehemiah	Nehemiah	9	Nehemiah 9	Nehemiah 9	nehemiah_009.txt
17	Nehemiah	Nehemiah	Nehemiah	10	Nehemiah 10	Nehemiah 10	nehemiah_010.txt
17	Nehemiah	Nehemiah	Nehemiah	11	Nehemiah 11	Nehemiah 11	nehemiah_011.txt
17	Nehemiah	Nehemiah	Nehemiah	12	Nehemiah 12	Nehemiah 12	nehemiah_012.txt
17	Nehemiah	Nehemiah	Nehemiah	13	Nehemiah 13	Nehemiah 13	nehemiah_013.txt
18	Tobit	Tobit	Tobit	1	Tobit 1	Tobit 1	tobit_001.txt
18	Tobit	Tobit	Tobit	2	Tobit 2	Tobit 2	tobit_002.txt
18	Tobit	Tobit	Tobit	3	Tobit 3	Tobit 3	tobit_003.txt
18	Tobit	Tobit	Tobit	4	Tobit 4	Tobit 4	tobit_004.txt
18	Tobit	Tobit	Tobit	5	Tobit 5	Tobit 5	tobit_005.txt
18	Tobit	Tobit	Tobit	6	Tobit 6	Tobit 6	tobit_006.txt
18	Tobit	Tobit	Tobit	7	Tobit 7	Tobit 7	tobit_007.txt
18	Tobit	Tobit	Tobit	8	Tobit 8	Tobit 8	tobit_008.txt
18	Tobit	Tobit	Tobit	9	Tobit 9	Tobit 9	tobit_009.txt
18	Tobit	Tobit	Tobit	10	Tobit 10	Tobit 10	tobit_010.txt
18	Tobit	Tobit	Tobit	11	Tobit 11	Tobit 11	tobit_011.txt
18	Tobit	Tobit	Tobit	12	Tobit 12	Tobit 12	tobit_012.txt
18	Tobit	Tobit	Tobit	13	Tobit 13	Tobit 13	tobit_013.txt
18	Tobit	Tobit	Tobit	14	Tobit 14	Tobit 14	tobit_014.txt
19	Judith	Judith	Judith	1	Judith 1	Judith 1	judith_001.txt
19	Judith	Judith	Judith	2	Judith 2	Judith 2	judith_002.txt
19	Judith	Judith	Judith	3	Judith 3	Judith 3	judith_003.txt
19	Judith	Judith	Judith	4	Judith 4	Judith 4	judith_004.txt
19	Judith	Judith	Judith	5	Judith 5	Judith 5	judith_005.txt
19	Judith	Judith	Judith	6	Judith 6	Judith 6	judith_006.txt
19	Judith	Judith	Judith	7	Judith 7	Judith 7	judith_007.txt
19	Judith	Judith	Judith	8	Judith 8	Judith 8	judith_008.txt
19	Judith	Judith	Judith	9	Judith 9	Judith 9	judith_009.txt
19	Judith	Judith	Judith	10	Judith 10	Judith 10	judith_010.txt
19	Judith	Judith	Judith	11	Judith 11	Judith 11	judith_011.txt
19	Judith	Judith	Judith	12	Judith 12	Judith 12	judith_012.txt
19	Judith	Judith	Judith	13	Judith 13	Judith 13	judith_013.txt
19	Judith	Judith	Judith	14	Judith 14	Judith 14	judith_014.txt
19	Judith	Judith	Judith	15	Judith 15	Judith 15	judith_015.txt
19	Judith	Judith	Judith	16	Judith 16	Judith 16	judith_016.txt
20	Esther	Esther	Esther	1	Esther 1	Esther 1	esther_001.txt
20	Esther	Esther	Esther	2	Esther 2	Esther 2	esther_002.txt
20	Esther	Esther	Esther	3	Esther 3	Esther 3	esther_003.txt
20	Esther	Esther	Esther	4	Esther 4	Esther 4	esther_004.txt
20	Esther	Esther	Esther	5	Esther 5	Esther 5	esther_005.txt
20	Esther	Esther	Esther	6	Esther 6	Esther 6	esther_006.txt
20	Esther	Esther	Esther	7	Esther 7	Esther 7	esther_007.txt
20	Esther	Esther	Esther	8	Esther 8	Esther 8	esther_008.txt
20	Esther	Esther	Esther	9	Esther 9	Esther 9	esther_009.txt
20	Esther	Esther	Esther	10	Esther 10	Esther 10	esther_010.txt
21	1 Maccabees	1 Maccabees	1 Maccabees	1	1 Maccabees 1	1 Maccabees 1	1_maccabees_001.txt
21	1 Maccabees	1 Maccabees	1 Maccabees	2	1 Maccabees 2	1 Maccabees 2	1_maccabees_002.txt
21	1 Maccabees	1 Maccabees	1 Maccabees	3	1 Maccabees 3	1 Maccabees 3	1_maccabees_003.txt
21	1 Maccabees	1 Maccabees	1 Maccabees	4	1 Maccabees 4	1 Maccabees 4	1_maccabees_004.txt
21	1 Maccabees	1 Maccabees	1 Maccabees	5	1 Maccabees 5	1 Maccabees 5	1_maccabees_005.txt
21	1 Maccabees	1 Maccabees	1 Maccabees	6	1 Maccabees 6	1 Maccabees 6	1_maccabees_006.txt
21	1 Maccabees	1 Maccabees	1 Maccabees	7	1 Maccabees 7	1 Maccabees 7	1_maccabees_007.txt
21	1 Maccabees	1 Maccabees	1 Maccabees	8	1 Maccabees 8	1 Maccabees 8	1_maccabees_008.txt
21	1 Maccabees	1 Maccabees	1 Maccabees	9	1 Maccabees 9	1 Maccabees 9	1_maccabees_009.txt
21	1 Maccabees	1 Maccabees	1 Maccabees	10	1 Maccabees 10	1 Maccabees 10	1_maccabees_010.txt
21	1 Maccabees	1 Maccabees	1 Maccabees	11	1 Maccabees 11	1 Maccabees 11	1_maccabees_011.txt
21	1 Maccabees	1 Maccabees	1 Maccabees	12	1 Maccabees 12	1 Maccabees 12	1_maccabees_012.txt
21	1 Maccabees	1 Maccabees	1 Maccabees	13	1 Maccabees 13	1 Maccabees 13	1_maccabees_013.txt
21	1 Maccabees	1 Maccabees	1 Maccabees	14	1 Maccabees 14	1 Maccabees 14	1_maccabees_014.txt
21	1 Maccabees	1 Maccabees	1 Maccabees	15	1 Maccabees 15	1 Maccabees 15	1_maccabees_015.txt
21	1 Maccabees	1 Maccabees	1 Maccabees	16	1 Maccabees 16	1 Maccabees 16	1_maccabees_016.txt
22	2 Maccabees	2 Maccabees	2 Maccabees	1	2 Maccabees 1	2 Maccabees 1	2_maccabees_001.txt
22	2 Maccabees	2 Maccabees	2 Maccabees	2	2 Maccabees 2	2 Maccabees 2	2_maccabees_002.txt
22	2 Maccabees	2 Maccabees	2 Maccabees	3	2 Maccabees 3	2 Maccabees 3	2_maccabees_003.txt
22	2 Maccabees	2 Maccabees	2 Maccabees	4	2 Maccabees 4	2 Maccabees 4	2_maccabees_004.txt
22	2 Maccabees	2 Maccabees	2 Maccabees	5	2 Maccabees 5	2 Maccabees 5	2_maccabees_005.txt
22	2 Maccabees	2 Maccabees	2 Maccabees	6	2 Maccabees 6	2 Maccabees 6	2_maccabees_006.txt
22	2 Maccabees	2 Maccabees	2 Maccabees	7	2 Maccabees 7	2 Maccabees 7	2_maccabees_007.txt
22	2 Maccabees	2 Maccabees	2 Maccabees	8	2 Maccabees 8	2 Maccabees 8	2_maccabees_008.txt
22	2 Maccabees	2 Maccabees	2 Maccabees	9	2 Maccabees 9	2 Maccabees 9	2_maccabees_009.txt
22	2 Maccabees	2 Maccabees	2 Maccabees	10	2 Maccabees 10	2 Maccabees 10	2_maccabees_010.txt
22	2 Maccabees	2 Maccabees	2 Maccabees	11	2 Maccabees 11	2 Maccabees 11	2_maccabees_011.txt
22	2 Maccabees	2 Maccabees	2 Maccabees	12	2 Maccabees 12	2 Maccabees 12	2_maccabees_012.txt
22	2 Maccabees	2 Maccabees	2 Maccabees	13	2 Maccabees 13	2 Maccabees 13	2_maccabees_013.txt
22	2 Maccabees	2 Maccabees	2 Maccabees	14	2 Maccabees 14	2 Maccabees 14	2_maccabees_014.txt
22	2 Maccabees	2 Maccabees	2 Maccabees	15	2 Maccabees 15	2 Maccabees 15	2_maccabees_015.txt
23	3 Maccabees	3 Maccabees	3 Maccabees	1	3 Maccabees 1	3 Maccabees 1	3_maccabees_001.txt
23	3 Maccabees	3 Maccabees	3 Maccabees	2	3 Maccabees 2	3 Maccabees 2	3_maccabees_002.txt
23	3 Maccabees	3 Maccabees	3 Maccabees	3	3 Maccabees 3	3 Maccabees 3	3_maccabees_003.txt
23	3 Maccabees	3 Maccabees	3 Maccabees	4	3 Maccabees 4	3 Maccabees 4	3_maccabees_004.txt
23	3 Maccabees	3 Maccabees	3 Maccabees	5	3 Maccabees 5	3 Maccabees 5	3_maccabees_005.txt
23	3 Maccabees	3 Maccabees	3 Maccabees	6	3 Maccabees 6	3 Maccabees 6	3_maccabees_006.txt
23	3 Maccabees	3 Maccabees	3 Maccabees	7	3 Maccabees 7	3 Maccabees 7	3_maccabees_007.txt
24	Psalms	Psalms	Psalms	1	Psalms 1	Psalms 1	psalms_001.txt
24	Psalms	Psalms	Psalms	2	Psalms 2	Psalms 2	psalms_002.txt
24	Psalms	Psalms	Psalms	3	Psalms 3	Psalms 3	psalms_003.txt
24	Psalms	Psalms	Psalms	4	Psalms 4	Psalms 4	psalms_004.txt
24	Psalms	Psalms	Psalms	5	Psalms 5	Psalms 5	psalms_005.txt
24	Psalms	Psalms	Psalms	6	Psalms 6	Psalms 6	psalms_006.txt
24	Psalms	Psalms	Psalms	7	Psalms 7	Psalms 7	psalms_007.txt
24	Psalms	Psalms	Psalms	8	Psalms 8	Psalms 8	psalms_008.txt
24	Psalms	Psalms	Psalms	9	Psalms 9	Psalms 9	psalms_009.txt
24	Psalms	Psalms	Psalms	10	Psalms 10	Psalms 10	psalms_010.txt
24	Psalms	Psalms	Psalms	11	Psalms 11	Psalms 11	psalms_011.txt
24	Psalms	Psalms	Psalms	12	Psalms 12	Psalms 12	psalms_012.txt
24	Psalms	Psalms	Psalms	13	Psalms 13	Psalms 13	psalms_013.txt
24	Psalms	Psalms	Psalms	14	Psalms 14	Psalms 14	psalms_014.txt
24	Psalms	Psalms	Psalms	15	Psalms 15	Psalms 15	psalms_015.txt
24	Psalms	Psalms	Psalms	16	Psalms 16	Psalms 16	psalms_016.txt
24	Psalms	Psalms	Psalms	17	Psalms 17	Psalms 17	psalms_017.txt
24	Psalms	Psalms	Psalms	18	Psalms 18	Psalms 18	psalms_018.txt
24	Psalms	Psalms	Psalms	19	Psalms 19	Psalms 19	psalms_019.txt
24	Psalms	Psalms	Psalms	20	Psalms 20	Psalms 20	psalms_020.txt
24	Psalms	Psalms	Psalms	21	Psalms 21	Psalms 21	psalms_021.txt
24	Psalms	Psalms	Psalms	22	Psalms 22	Psalms 22	psalms_022.txt
24	Psalms	Psalms	Psalms	23	Psalms 23	Psalms 23	psalms_023.txt
24	Psalms	Psalms	Psalms	24	Psalms 24	Psalms 24	psalms_024.txt
24	Psalms	Psalms	Psalms	25	Psalms 25	Psalms 25	psalms_025.txt
24	Psalms	Psalms	Psalms	26	Psalms 26	Psalms 26	psalms_026.txt
24	Psalms	Psalms	Psalms	27	Psalms 27	Psalms 27	psalms_027.txt
24	Psalms	Psalms	Psalms	28	Psalms 28	Psalms 28	psalms_028.txt
24	Psalms	Psalms	Psalms	29	Psalms 29	Psalms 29	psalms_029.txt
24	Psalms	Psalms	Psalms	30	Psalms 30	Psalms 30	psalms_030.txt
24	Psalms	Psalms	Psalms	31	Psalms 31	Psalms 31	psalms_031.txt
24	Psalms	Psalms	Psalms	32	Psalms 32	Psalms 32	psalms_032.txt
24	Psalms	Psalms	Psalms	33	Psalms 33	Psalms 33	psalms_033.txt
24	Psalms	Psalms	Psalms	34	Psalms 34	Psalms 34	psalms_034.txt
24	Psalms	Psalms	Psalms	35	Psalms 35	Psalms 35	psalms_035.txt
24	Psalms	Psalms	Psalms	36	Psalms 36	Psalms 36	psalms_036.txt
24	Psalms	Psalms	Psalms	37	Psalms 37	Psalms 37	psalms_037.txt
24	Psalms	Psalms	Psalms	38	Psalms 38	Psalms 38	psalms_038.txt
24	Psalms	Psalms	Psalms	39	Psalms 39	Psalms 39	psalms_039.txt
24	Psalms	Psalms	Psalms	40	Psalms 40	Psalms 40	psalms_040.txt
24	Psalms	Psalms	Psalms	41	Psalms 41	Psalms 41	psalms_041.txt
24	Psalms	Psalms	Psalms	42	Psalms 42	Psalms 42	psalms_042.txt
24	Psalms	Psalms	Psalms	43	Psalms 43	Psalms 43	psalms_043.txt
24	Psalms	Psalms	Psalms	44	Psalms 44	Psalms 44	psalms_044.txt
24	Psalms	Psalms	Psalms	45	Psalms 45	Psalms 45	psalms_045.txt
24	Psalms	Psalms	Psalms	46	Psalms 46	Psalms 46	psalms_046.txt
24	Psalms	Psalms	Psalms	47	Psalms 47	Psalms 47	psalms_047.txt
24	Psalms	Psalms	Psalms	48	Psalms 48	Psalms 48	psalms_048.txt
24	Psalms	Psalms	Psalms	49	Psalms 49	Psalms 49	psalms_049.txt
24	Psalms	Psalms	Psalms	50	Psalms 50	Psalms 50	psalms_050.txt
24	Psalms	Psalms	Psalms	51	Psalms 51	Psalms 51	psalms_051.txt
24	Psalms	Psalms	Psalms	52	Psalms 52	Psalms 52	psalms_052.txt
24	Psalms	Psalms	Psalms	53	Psalms 53	Psalms 53	psalms_053.txt
24	Psalms	Psalms	Psalms	54	Psalms 54	Psalms 54	psalms_054.txt
24	Psalms	Psalms	Psalms	55	Psalms 55	Psalms 55	psalms_055.txt
24	Psalms	Psalms	Psalms	56	Psalms 56	Psalms 56	psalms_056.txt
24	Psalms	Psalms	Psalms	57	Psalms 57	Psalms 57	psalms_057.txt
24	Psalms	Psalms	Psalms	58	Psalms 58	Psalms 58	psalms_058.txt
24	Psalms	Psalms	Psalms	59	Psalms 59	Psalms 59	psalms_059.txt
24	Psalms	Psalms	Psalms	60	Psalms 60	Psalms 60	psalms_060.txt
24	Psalms	Psalms	Psalms	61	Psalms 61	Psalms 61	psalms_061.txt
24	Psalms	Psalms	Psalms	62	Psalms 62	Psalms 62	psalms_062.txt
24	Psalms	Psalms	Psalms	63	Psalms 63	Psalms 63	psalms_063.txt
24	Psalms	Psalms	Psalms	64	Psalms 64	Psalms 64	psalms_064.txt
24	Psalms	Psalms	Psalms	65	Psalms 65	Psalms 65	psalms_065.txt
24	Psalms	Psalms	Psalms	66	Psalms 66	Psalms 66	psalms_066.txt
24	Psalms	Psalms	Psalms	67	Psalms 67	Psalms 67	psalms_067.txt
24	Psalms	Psalms	Psalms	68	Psalms 68	Psalms 68	psalms_068.txt
24	Psalms	Psalms	Psalms	69	Psalms 69	Psalms 69	psalms_069.txt
24	Psalms	Psalms	Psalms	70	Psalms 70	Psalms 70	psalms_070.txt
24	Psalms	Psalms	Psalms	71	Psalms 71	Psalms 71	psalms_071.txt
24	Psalms	Psalms	Psalms	72	Psalms 72	Psalms 72	psalms_072.txt
24	Psalms	Psalms	Psalms	73	Psalms 73	Psalms 73	psalms_073.txt
24	Psalms	Psalms	Psalms	74	Psalms 74	Psalms 74	psalms_074.txt
24	Psalms	Psalms	Psalms	75	Psalms 75	Psalms 75	psalms_075.txt
24	Psalms	Psalms	Psalms	76	Psalms 76	Psalms 76	psalms_076.txt
24	Psalms	Psalms	Psalms	77	Psalms 77	Psalms 77	psalms_077.txt
24	Psalms	Psalms	Psalms	78	Psalms 78	Psalms 78	psalms_078.txt
24	Psalms	Psalms	Psalms	79	Psalms 79	Psalms 79	psalms_079.txt
24	Psalms	Psalms	Psalms	80	Psalms 80	Psalms 80	psalms_080.txt
24	Psalms	Psalms	Psalms	81	Psalms 81	Psalms 81	psalms_081.txt
24	Psalms	Psalms	Psalms	82	Psalms 82	Psalms 82	psalms_082.txt
24	Psalms	Psalms	Psalms	83	Psalms 83	Psalms 83	psalms_083.txt
24	Psalms	Psalms	Psalms	84	Psalms 84	Psalms 84	psalms_084.txt
24	Psalms	Psalms	Psalms	85	Psalms 85	Psalms 85	psalms_085.txt
24	Psalms	Psalms	Psalms	86	Psalms 86	Psalms 86	psalms_086.txt
24	Psalms	Psalms	Psalms	87	Psalms 87	Psalms 87	psalms_087.txt
24	Psalms	Psalms	Psalms	88	Psalms 88	Psalms 88	psalms_088.txt
24	Psalms	Psalms	Psalms	89	Psalms 89	Psalms 89	psalms_089.txt
24	Psalms	Psalms	Psalms	90	Psalms 90	Psalms 90	psalms_090.txt
24	Psalms	Psalms	Psalms	91	Psalms 91	Psalms 91	psalms_091.txt
24	Psalms	Psalms	Psalms	92	Psalms 92	Psalms 92	psalms_092.txt
24	Psalms	Psalms	Psalms	93	Psalms 93	Psalms 93	psalms_093.txt
24	Psalms	Psalms	Psalms	94	Psalms 94	Psalms 94	psalms_094.txt
24	Psalms	Psalms	Psalms	95	Psalms 95	Psalms 95	psalms_095.txt
24	Psalms	Psalms	Psalms	96	Psalms 96	Psalms 96	psalms_096.txt
24	Psalms	Psalms	Psalms	97	Psalms 97	Psalms 97	psalms_097.txt
24	Psalms	Psalms	Psalms	98	Psalms 98	Psalms 98	psalms_098.txt
24	Psalms	Psalms	Psalms	99	Psalms 99	Psalms 99	psalms_099.txt
24	Psalms	Psalms	Psalms	100	Psalms 100	Psalms 100	psalms_100.txt
24	Psalms	Psalms	Psalms	101	Psalms 101	Psalms 101	psalms_101.txt
24	Psalms	Psalms	Psalms	102	Psalms 102	Psalms 102	psalms_102.txt
24	Psalms	Psalms	Psalms	103	Psalms 103	Psalms 103	psalms_103.txt
24	Psalms	Psalms	Psalms	104	Psalms 104	Psalms 104	psalms_104.txt
24	Psalms	Psalms	Psalms	105	Psalms 105	Psalms 105	psalms_105.txt
24	Psalms	Psalms	Psalms	106	Psalms 106	Psalms 106	psalms_106.txt
24	Psalms	Psalms	Psalms	107	Psalms 107	Psalms 107	psalms_107.txt
24	Psalms	Psalms	Psalms	108	Psalms 108	Psalms 108	psalms_108.txt
24	Psalms	Psalms	Psalms	109	Psalms 109	Psalms 109	psalms_109.txt
24	Psalms	Psalms	Psalms	110	Psalms 110	Psalms 110	psalms_110.txt
24	Psalms	Psalms	Psalms	111	Psalms 111	Psalms 111	psalms_111.txt
24	Psalms	Psalms	Psalms	112	Psalms 112	Psalms 112	psalms_112.txt
24	Psalms	Psalms	Psalms	113	Psalms 113	Psalms 113	psalms_113.txt
24	Psalms	Psalms	Psalms	114	Psalms 114	Psalms 114	psalms_114.txt
24	Psalms	Psalms	Psalms	115	Psalms 115	Psalms 115	psalms_115.txt
24	Psalms	Psalms	Psalms	116	Psalms 116	Psalms 116	psalms_116.txt
24	Psalms	Psalms	Psalms	117	Psalms 117	Psalms 117	psalms_117.txt
24	Psalms	Psalms	Psalms	118	Psalms 118	Psalms 118	psalms_118.txt
24	Psalms	Psalms	Psalms	119	Psalms 119	Psalms 119	psalms_119.txt
24	Psalms	Psalms	Psalms	120	Psalms 120	Psalms 120	psalms_120.txt
24	Psalms	Psalms	Psalms	121	Psalms 121	Psalms 121	psalms_121.txt
24	Psalms	Psalms	Psalms	122	Psalms 122	Psalms 122	psalms_122.txt
24	Psalms	Psalms	Psalms	123	Psalms 123	Psalms 123	psalms_123.txt
24	Psalms	Psalms	Psalms	124	Psalms 124	Psalms 124	psalms_124.txt
24	Psalms	Psalms	Psalms	125	Psalms 125	Psalms 125	psalms_125.txt
24	Psalms	Psalms	Psalms	126	Psalms 126	Psalms 126	psalms_126.txt
24	Psalms	Psalms	Psalms	127	Psalms 127	Psalms 127	psalms_127.txt
24	Psalms	Psalms	Psalms	128	Psalms 128	Psalms 128	psalms_128.txt
24	Psalms	Psalms	Psalms	129	Psalms 129	Psalms 129	psalms_129.txt
24	Psalms	Psalms	Psalms	130	Psalms 130	Psalms 130	psalms_130.txt
24	Psalms	Psalms	Psalms	131	Psalms 131	Psalms 131	psalms_131.txt
24	Psalms	Psalms	Psalms	132	Psalms 132	Psalms 132	psalms_132.txt
24	Psalms	Psalms	Psalms	133	Psalms 133	Psalms 133	psalms_133.txt
24	Psalms	Psalms	Psalms	134	Psalms 134	Psalms 134	psalms_134.txt
24	Psalms	Psalms	Psalms	135	Psalms 135	Psalms 135	psalms_135.txt
24	Psalms	Psalms	Psalms	136	Psalms 136	Psalms 136	psalms_136.txt
24	Psalms	Psalms	Psalms	137	Psalms 137	Psalms 137	psalms_137.txt
24	Psalms	Psalms	Psalms	138	Psalms 138	Psalms 138	psalms_138.txt
24	Psalms	Psalms	Psalms	139	Psalms 139	Psalms 139	psalms_139.txt
24	Psalms	Psalms	Psalms	140	Psalms 140	Psalms 140	psalms_140.txt
24	Psalms	Psalms	Psalms	141	Psalms 141	Psalms 141	psalms_141.txt
24	Psalms	Psalms	Psalms	142	Psalms 142	Psalms 142	psalms_142.txt
24	Psalms	Psalms	Psalms	143	Psalms 143	Psalms 143	psalms_143.txt
24	Psalms	Psalms	Psalms	144	Psalms 144	Psalms 144	psalms_144.txt
24	Psalms	Psalms	Psalms	145	Psalms 145	Psalms 145	psalms_145.txt
24	Psalms	Psalms	Psalms	146	Psalms 146	Psalms 146	psalms_146.txt
24	Psalms	Psalms	Psalms	147	Psalms 147	Psalms 147	psalms_147.txt
24	Psalms	Psalms	Psalms	148	Psalms 148	Psalms 148	psalms_148.txt
24	Psalms	Psalms	Psalms	149	Psalms 149	Psalms 149	psalms_149.txt
24	Psalms	Psalms	Psalms	150	Psalms 150	Psalms 150	psalms_150.txt
24	Psalms	Psalms	Psalms	151	Psalms 151	Psalms 151	psalms_151.txt
25	Job	Job	Job	1	Job 1	Job 1	job_001.txt
25	Job	Job	Job	2	Job 2	Job 2	job_002.txt
25	Job	Job	Job	3	Job 3	Job 3	job_003.txt
25	Job	Job	Job	4	Job 4	Job 4	job_004.txt
25	Job	Job	Job	5	Job 5	Job 5	job_005.txt
25	Job	Job	Job	6	Job 6	Job 6	job_006.txt
25	Job	Job	Job	7	Job 7	Job 7	job_007.txt
25	Job	Job	Job	8	Job 8	Job 8	job_008.txt
25	Job	Job	Job	9	Job 9	Job 9	job_009.txt
25	Job	Job	Job	10	Job 10	Job 10	job_010.txt
25	Job	Job	Job	11	Job 11	Job 11	job_011.txt
25	Job	Job	Job	12	Job 12	Job 12	job_012.txt
25	Job	Job	Job	13	Job 13	Job 13	job_013.txt
25	Job	Job	Job	14	Job 14	Job 14	job_014.txt
25	Job	Job	Job	15	Job 15	Job 15	job_015.txt
25	Job	Job	Job	16	Job 16	Job 16	job_016.txt
25	Job	Job	Job	17	Job 17	Job 17	job_017.txt
25	Job	Job	Job	18	Job 18	Job 18	job_018.txt
25	Job	Job	Job	19	Job 19	Job 19	job_019.txt
25	Job	Job	Job	20	Job 20	Job 20	job_020.txt
25	Job	Job	Job	21	Job 21	Job 21	job_021.txt
25	Job	Job	Job	22	Job 22	Job 22	job_022.txt
25	Job	Job	Job	23	Job 23	Job 23	job_023.txt
25	Job	Job	Job	24	Job 24	Job 24	job_024.txt
25	Job	Job	Job	25	Job 25	Job 25	job_025.txt
25	Job	Job	Job	26	Job 26	Job 26	job_026.txt
25	Job	Job	Job	27	Job 27	Job 27	job_027.txt
25	Job	Job	Job	28	Job 28	Job 28	job_028.txt
25	Job	Job	Job	29	Job 29	Job 29	job_029.txt
25	Job	Job	Job	30	Job 30	Job 30	job_030.txt
25	Job	Job	Job	31	Job 31	Job 31	job_031.txt
25	Job	Job	Job	32	Job 32	Job 32	job_032.txt
25	Job	Job	Job	33	Job 33	Job 33	job_033.txt
25	Job	Job	Job	34	Job 34	Job 34	job_034.txt
25	Job	Job	Job	35	Job 35	Job 35	job_035.txt
25	Job	Job	Job	36	Job 36	Job 36	job_036.txt
25	Job	Job	Job	37	Job 37	Job 37	job_037.txt
25	Job	Job	Job	38	Job 38	Job 38	job_038.txt
25	Job	Job	Job	39	Job 39	Job 39	job_039.txt
25	Job	Job	Job	40	Job 40	Job 40	job_040.txt
25	Job	Job	Job	41	Job 41	Job 41	job_041.txt
25	Job	Job	Job	42	Job 42	Job 42	job_042.txt
26	Proverbs	Proverbs	Proverbs	1	Proverbs 1	Proverbs 1	proverbs_001.txt
26	Proverbs	Proverbs	Proverbs	2	Proverbs 2	Proverbs 2	proverbs_002.txt
26	Proverbs	Proverbs	Proverbs	3	Proverbs 3	Proverbs 3	proverbs_003.txt
26	Proverbs	Proverbs	Proverbs	4	Proverbs 4	Proverbs 4	proverbs_004.txt
26	Proverbs	Proverbs	Proverbs	5	Proverbs 5	Proverbs 5	proverbs_005.txt
26	Proverbs	Proverbs	Proverbs	6	Proverbs 6	Proverbs 6	proverbs_006.txt
26	Proverbs	Proverbs	Proverbs	7	Proverbs 7	Proverbs 7	proverbs_007.txt
26	Proverbs	Proverbs	Proverbs	8	Proverbs 8	Proverbs 8	proverbs_008.txt
26	Proverbs	Proverbs	Proverbs	9	Proverbs 9	Proverbs 9	proverbs_009.txt
26	Proverbs	Proverbs	Proverbs	10	Proverbs 10	Proverbs 10	proverbs_010.txt
26	Proverbs	Proverbs	Proverbs	11	Proverbs 11	Proverbs 11	proverbs_011.txt
26	Proverbs	Proverbs	Proverbs	12	Proverbs 12	Proverbs 12	proverbs_012.txt
26	Proverbs	Proverbs	Proverbs	13	Proverbs 13	Proverbs 13	proverbs_013.txt
26	Proverbs	Proverbs	Proverbs	14	Proverbs 14	Proverbs 14	proverbs_014.txt
26	Proverbs	Proverbs	Proverbs	15	Proverbs 15	Proverbs 15	proverbs_015.txt
26	Proverbs	Proverbs	Proverbs	16	Proverbs 16	Proverbs 16	proverbs_016.txt
26	Proverbs	Proverbs	Proverbs	17	Proverbs 17	Proverbs 17	proverbs_017.txt
26	Proverbs	Proverbs	Proverbs	18	Proverbs 18	Proverbs 18	proverbs_018.txt
26	Proverbs	Proverbs	Proverbs	19	Proverbs 19	Proverbs 19	proverbs_019.txt
26	Proverbs	Proverbs	Proverbs	20	Proverbs 20	Proverbs 20	proverbs_020.txt
26	Proverbs	Proverbs	Proverbs	21	Proverbs 21	Proverbs 21	proverbs_021.txt
26	Proverbs	Proverbs	Proverbs	22	Proverbs 22	Proverbs 22	proverbs_022.txt
26	Proverbs	Proverbs	Proverbs	23	Proverbs 23	Proverbs 23	proverbs_023.txt
26	Proverbs	Proverbs	Proverbs	24	Proverbs 24	Proverbs 24	proverbs_024.txt
26	Proverbs	Proverbs	Proverbs	25	Proverbs 25	Proverbs 25	proverbs_025.txt
26	Proverbs	Proverbs	Proverbs	26	Proverbs 26	Proverbs 26	proverbs_026.txt
26	Proverbs	Proverbs	Proverbs	27	Proverbs 27	Proverbs 27	proverbs_027.txt
26	Proverbs	Proverbs	Proverbs	28	Proverbs 28	Proverbs 28	proverbs_028.txt
26	Proverbs	Proverbs	Proverbs	29	Proverbs 29	Proverbs 29	proverbs_029.txt
26	Proverbs	Proverbs	Proverbs	30	Proverbs 30	Proverbs 30	proverbs_030.txt
26	Proverbs	Proverbs	Proverbs	31	Proverbs 31	Proverbs 31	proverbs_031.txt
27	Ecclesiastes	Ecclesiastes	Ecclesiastes	1	Ecclesiastes 1	Ecclesiastes 1	ecclesiastes_001.txt
27	Ecclesiastes	Ecclesiastes	Ecclesiastes	2	Ecclesiastes 2	Ecclesiastes 2	ecclesiastes_002.txt
27	Ecclesiastes	Ecclesiastes	Ecclesiastes	3	Ecclesiastes 3	Ecclesiastes 3	ecclesiastes_003.txt
27	Ecclesiastes	Ecclesiastes	Ecclesiastes	4	Ecclesiastes 4	Ecclesiastes 4	ecclesiastes_004.txt
27	Ecclesiastes	Ecclesiastes	Ecclesiastes	5	Ecclesiastes 5	Ecclesiastes 5	ecclesiastes_005.txt
27	Ecclesiastes	Ecclesiastes	Ecclesiastes	6	Ecclesiastes 6	Ecclesiastes 6	ecclesiastes_006.txt
27	Ecclesiastes	Ecclesiastes	Ecclesiastes	7	Ecclesiastes 7	Ecclesiastes 7	ecclesiastes_007.txt
27	Ecclesiastes	Ecclesiastes	Ecclesiastes	8	Ecclesiastes 8	Ecclesiastes 8	ecclesiastes_008.txt
27	Ecclesiastes	Ecclesiastes	Ecclesiastes	9	Ecclesiastes 9	Ecclesiastes 9	ecclesiastes_009.txt
27	Ecclesiastes	Ecclesiastes	Ecclesiastes	10	Ecclesiastes 10	Ecclesiastes 10	ecclesiastes_010.txt
27	Ecclesiastes	Ecclesiastes	Ecclesiastes	11	Ecclesiastes 11	Ecclesiastes 11	ecclesiastes_011.txt
27	Ecclesiastes	Ecclesiastes	Ecclesiastes	12	Ecclesiastes 12	Ecclesiastes 12	ecclesiastes_012.txt
28	Song of Songs	Song of Songs	Song of Songs	1	Song of Songs 1	Song of Songs 1	song_of_songs_001.txt
28	Song of Songs	Song of Songs	Song of Songs	2	Song of Songs 2	Song of Songs 2	song_of_songs_002.txt
28	Song of Songs	Song of Songs	Song of Songs	3	Song of Songs 3	Song of Songs 3	song_of_songs_003.txt
28	Song of Songs	Song of Songs	Song of Songs	4	Song of Songs 4	Song of Songs 4	song_of_songs_004.txt
28	Song of Songs	Song of Songs	Song of Songs	5	Song of Songs 5	Song of Songs 5	song_of_songs_005.txt
28	Song of Songs	Song of Songs	Song of Songs	6	Song of Songs 6	Song of Songs 6	song_of_songs_006.txt
28	Song of Songs	Song of Songs	Song of Songs	7	Song of Songs 7	Song of Songs 7	song_of_songs_007.txt
28	Song of Songs	Song of Songs	Song of Songs	8	Song of Songs 8	Song of Songs 8	song_of_songs_008.txt
29	Wisdom of Solomon	Wisdom of Solomon	Wisdom of Solomon	1	Wisdom of Solomon 1	Wisdom of Solomon 1	wisdom_of_solomon_001.txt
29	Wisdom of Solomon	Wisdom of Solomon	Wisdom of Solomon	2	Wisdom of Solomon 2	Wisdom of Solomon 2	wisdom_of_solomon_002.txt
29	Wisdom of Solomon	Wisdom of Solomon	Wisdom of Solomon	3	Wisdom of Solomon 3	Wisdom of Solomon 3	wisdom_of_solomon_003.txt
29	Wisdom of Solomon	Wisdom of Solomon	Wisdom of Solomon	4	Wisdom of Solomon 4	Wisdom of Solomon 4	wisdom_of_solomon_004.txt
29	Wisdom of Solomon	Wisdom of Solomon	Wisdom of Solomon	5	Wisdom of Solomon 5	Wisdom of Solomon 5	wisdom_of_solomon_005.txt
29	Wisdom of Solomon	Wisdom of Solomon	Wisdom of Solomon	6	Wisdom of Solomon 6	Wisdom of Solomon 6	wisdom_of_solomon_006.txt
29	Wisdom of Solomon	Wisdom of Solomon	Wisdom of Solomon	7	Wisdom of Solomon 7	Wisdom of Solomon 7	wisdom_of_solomon_007.txt
29	Wisdom of Solomon	Wisdom of Solomon	Wisdom of Solomon	8	Wisdom of Solomon 8	Wisdom of Solomon 8	wisdom_of_solomon_008.txt
29	Wisdom of Solomon	Wisdom of Solomon	Wisdom of Solomon	9	Wisdom of Solomon 9	Wisdom of Solomon 9	wisdom_of_solomon_009.txt
29	Wisdom of Solomon	Wisdom of Solomon	Wisdom of Solomon	10	Wisdom of Solomon 10	Wisdom of Solomon 10	wisdom_of_solomon_010.txt
29	Wisdom of Solomon	Wisdom of Solomon	Wisdom of Solomon	11	Wisdom of Solomon 11	Wisdom of Solomon 11	wisdom_of_solomon_011.txt
29	Wisdom of Solomon	Wisdom of Solomon	Wisdom of Solomon	12	Wisdom of Solomon 12	Wisdom of Solomon 12	wisdom_of_solomon_012.txt
29	Wisdom of Solomon	Wisdom of Solomon	Wisdom of Solomon	13	Wisdom of Solomon 13	Wisdom of Solomon 13	wisdom_of_solomon_013.txt
29	Wisdom of Solomon	Wisdom of Solomon	Wisdom of Solomon	14	Wisdom of Solomon 14	Wisdom of Solomon 14	wisdom_of_solomon_014.txt
29	Wisdom of Solomon	Wisdom of Solomon	Wisdom of Solomon	15	Wisdom of Solomon 15	Wisdom of Solomon 15	wisdom_of_solomon_015.txt
29	Wisdom of Solomon	Wisdom of Solomon	Wisdom of Solomon	16	Wisdom of Solomon 16	Wisdom of Solomon 16	wisdom_of_solomon_016.txt
29	Wisdom of Solomon	Wisdom of Solomon	Wisdom of Solomon	17	Wisdom of Solomon 17	Wisdom of Solomon 17	wisdom_of_solomon_017.txt
29	Wisdom of Solomon	Wisdom of Solomon	Wisdom of Solomon	18	Wisdom of Solomon 18	Wisdom of Solomon 18	wisdom_of_solomon_018.txt
29	Wisdom of Solomon	Wisdom of Solomon	Wisdom of Solomon	19	Wisdom of Solomon 19	Wisdom of Solomon 19	wisdom_of_solomon_019.txt
30	Sirach	Sirach	Sirach	1	Sirach 1	Sirach 1	sirach_001.txt
30	Sirach	Sirach	Sirach	2	Sirach 2	Sirach 2	sirach_002.txt
30	Sirach	Sirach	Sirach	3	Sirach 3	Sirach 3	sirach_003.txt
30	Sirach	Sirach	Sirach	4	Sirach 4	Sirach 4	sirach_004.txt
30	Sirach	Sirach	Sirach	5	Sirach 5	Sirach 5	sirach_005.txt
30	Sirach	Sirach	Sirach	6	Sirach 6	Sirach 6	sirach_006.txt
30	Sirach	Sirach	Sirach	7	Sirach 7	Sirach 7	sirach_007.txt
30	Sirach	Sirach	Sirach	8	Sirach 8	Sirach 8	sirach_008.txt
30	Sirach	Sirach	Sirach	9	Sirach 9	Sirach 9	sirach_009.txt
30	Sirach	Sirach	Sirach	10	Sirach 10	Sirach 10	sirach_010.txt
30	Sirach	Sirach	Sirach	11	Sirach 11	Sirach 11	sirach_011.txt
30	Sirach	Sirach	Sirach	12	Sirach 12	Sirach 12	sirach_012.txt
30	Sirach	Sirach	Sirach	13	Sirach 13	Sirach 13	sirach_013.txt
30	Sirach	Sirach	Sirach	14	Sirach 14	Sirach 14	sirach_014.txt
30	Sirach	Sirach	Sirach	15	Sirach 15	Sirach 15	sirach_015.txt
30	Sirach	Sirach	Sirach	16	Sirach 16	Sirach 16	sirach_016.txt
30	Sirach	Sirach	Sirach	17	Sirach 17	Sirach 17	sirach_017.txt
30	Sirach	Sirach	Sirach	18	Sirach 18	Sirach 18	sirach_018.txt
30	Sirach	Sirach	Sirach	19	Sirach 19	Sirach 19	sirach_019.txt
30	Sirach	Sirach	Sirach	20	Sirach 20	Sirach 20	sirach_020.txt
30	Sirach	Sirach	Sirach	21	Sirach 21	Sirach 21	sirach_021.txt
30	Sirach	Sirach	Sirach	22	Sirach 22	Sirach 22	sirach_022.txt
30	Sirach	Sirach	Sirach	23	Sirach 23	Sirach 23	sirach_023.txt
30	Sirach	Sirach	Sirach	24	Sirach 24	Sirach 24	sirach_024.txt
30	Sirach	Sirach	Sirach	25	Sirach 25	Sirach 25	sirach_025.txt
30	Sirach	Sirach	Sirach	26	Sirach 26	Sirach 26	sirach_026.txt
30	Sirach	Sirach	Sirach	27	Sirach 27	Sirach 27	sirach_027.txt
30	Sirach	Sirach	Sirach	28	Sirach 28	Sirach 28	sirach_028.txt
30	Sirach	Sirach	Sirach	29	Sirach 29	Sirach 29	sirach_029.txt
30	Sirach	Sirach	Sirach	30	Sirach 30	Sirach 30	sirach_030.txt
30	Sirach	Sirach	Sirach	31	Sirach 31	Sirach 31	sirach_031.txt
30	Sirach	Sirach	Sirach	32	Sirach 32	Sirach 32	sirach_032.txt
30	Sirach	Sirach	Sirach	33	Sirach 33	Sirach 33	sirach_033.txt
30	Sirach	Sirach	Sirach	34	Sirach 34	Sirach 34	sirach_034.txt
30	Sirach	Sirach	Sirach	35	Sirach 35	Sirach 35	sirach_035.txt
30	Sirach	Sirach	Sirach	36	Sirach 36	Sirach 36	sirach_036.txt
30	Sirach	Sirach	Sirach	37	Sirach 37	Sirach 37	sirach_037.txt
30	Sirach	Sirach	Sirach	38	Sirach 38	Sirach 38	sirach_038.txt
30	Sirach	Sirach	Sirach	39	Sirach 39	Sirach 39	sirach_039.txt
30	Sirach	Sirach	Sirach	40	Sirach 40	Sirach 40	sirach_040.txt
30	Sirach	Sirach	Sirach	41	Sirach 41	Sirach 41	sirach_041.txt
30	Sirach	Sirach	Sirach	42	Sirach 42	Sirach 42	sirach_042.txt
30	Sirach	Sirach	Sirach	43	Sirach 43	Sirach 43	sirach_043.txt
30	Sirach	Sirach	Sirach	44	Sirach 44	Sirach 44	sirach_044.txt
30	Sirach	Sirach	Sirach	45	Sirach 45	Sirach 45	sirach_045.txt
30	Sirach	Sirach	Sirach	46	Sirach 46	Sirach 46	sirach_046.txt
30	Sirach	Sirach	Sirach	47	Sirach 47	Sirach 47	sirach_047.txt
30	Sirach	Sirach	Sirach	48	Sirach 48	Sirach 48	sirach_048.txt
30	Sirach	Sirach	Sirach	49	Sirach 49	Sirach 49	sirach_049.txt
30	Sirach	Sirach	Sirach	50	Sirach 50	Sirach 50	sirach_050.txt
30	Sirach	Sirach	Sirach	51	Sirach 51	Sirach 51	sirach_051.txt
31	Hosea	Hosea	Hosea	1	Hosea 1	Hosea 1	hosea_001.txt
31	Hosea	Hosea	Hosea	2	Hosea 2	Hosea 2	hosea_002.txt
31	Hosea	Hosea	Hosea	3	Hosea 3	Hosea 3	hosea_003.txt
31	Hosea	Hosea	Hosea	4	Hosea 4	Hosea 4	hosea_004.txt
31	Hosea	Hosea	Hosea	5	Hosea 5	Hosea 5	hosea_005.txt
31	Hosea	Hosea	Hosea	6	Hosea 6	Hosea 6	hosea_006.txt
31	Hosea	Hosea	Hosea	7	Hosea 7	Hosea 7	hosea_007.txt
31	Hosea	Hosea	Hosea	8	Hosea 8	Hosea 8	hosea_008.txt
31	Hosea	Hosea	Hosea	9	Hosea 9	Hosea 9	hosea_009.txt
31	Hosea	Hosea	Hosea	10	Hosea 10	Hosea 10	hosea_010.txt
31	Hosea	Hosea	Hosea	11	Hosea 11	Hosea 11	hosea_011.txt
31	Hosea	Hosea	Hosea	12	Hosea 12	Hosea 12	hosea_012.txt
31	Hosea	Hosea	Hosea	13	Hosea 13	Hosea 13	hosea_013.txt
31	Hosea	Hosea	Hosea	14	Hosea 14	Hosea 14	hosea_014.txt
32	Amos	Amos	Amos	1	Amos 1	Amos 1	amos_001.txt
32	Amos	Amos	Amos	2	Amos 2	Amos 2	amos_002.txt
32	Amos	Amos	Amos	3	Amos 3	Amos 3	amos_003.txt
32	Amos	Amos	Amos	4	Amos 4	Amos 4	amos_004.txt
32	Amos	Amos	Amos	5	Amos 5	Amos 5	amos_005.txt
32	Amos	Amos	Amos	6	Amos 6	Amos 6	amos_006.txt
32	Amos	Amos	Amos	7	Amos 7	Amos 7	amos_007.txt
32	Amos	Amos	Amos	8	Amos 8	Amos 8	amos_008.txt
32	Amos	Amos	Amos	9	Amos 9	Amos 9	amos_009.txt
33	Micah	Micah	Micah	1	Micah 1	Micah 1	micah_001.txt
33	Micah	Micah	Micah	2	Micah 2	Micah 2	micah_002.txt
33	Micah	Micah	Micah	3	Micah 3	Micah 3	micah_003.txt
33	Micah	Micah	Micah	4	Micah 4	Micah 4	micah_004.txt
33	Micah	Micah	Micah	5	Micah 5	Micah 5	micah_005.txt
33	Micah	Micah	Micah	6	Micah 6	Micah 6	micah_006.txt
33	Micah	Micah	Micah	7	Micah 7	Micah 7	micah_007.txt
34	Joel	Joel	Joel	1	Joel 1	Joel 1	joel_001.txt
34	Joel	Joel	Joel	2	Joel 2	Joel 2	joel_002.txt
34	Joel	Joel	Joel	3	Joel 3	Joel 3	joel_003.txt
34	Joel	Joel	Joel	4	Joel 4	Joel 4	joel_004.txt
35	Obadiah	Obadiah	Obadiah	1	Obadiah 1	Obadiah 1	obadiah_001.txt
36	Jonah	Jonah	Jonah	1	Jonah 1	Jonah 1	jonah_001.txt
36	Jonah	Jonah	Jonah	2	Jonah 2	Jonah 2	jonah_002.txt
36	Jonah	Jonah	Jonah	3	Jonah 3	Jonah 3	jonah_003.txt
36	Jonah	Jonah	Jonah	4	Jonah 4	Jonah 4	jonah_004.txt
37	Nahum	Nahum	Nahum	1	Nahum 1	Nahum 1	nahum_001.txt
37	Nahum	Nahum	Nahum	2	Nahum 2	Nahum 2	nahum_002.txt
37	Nahum	Nahum	Nahum	3	Nahum 3	Nahum 3	nahum_003.txt
38	Habakkuk	Habakkuk	Habakkuk	1	Habakkuk 1	Habakkuk 1	habakkuk_001.txt
38	Habakkuk	Habakkuk	Habakkuk	2	Habakkuk 2	Habakkuk 2	habakkuk_002.txt
38	Habakkuk	Habakkuk	Habakkuk	3	Habakkuk 3	Habakkuk 3	habakkuk_003.txt
39	Zephaniah	Zephaniah	Zephaniah	1	Zephaniah 1	Zephaniah 1	zephaniah_001.txt
39	Zephaniah	Zephaniah	Zephaniah	2	Zephaniah 2	Zephaniah 2	zephaniah_002.txt
39	Zephaniah	Zephaniah	Zephaniah	3	Zephaniah 3	Zephaniah 3	zephaniah_003.txt
40	Haggai	Haggai	Haggai	1	Haggai 1	Haggai 1	haggai_001.txt
40	Haggai	Haggai	Haggai	2	Haggai 2	Haggai 2	haggai_002.txt
41	Zechariah	Zechariah	Zechariah	1	Zechariah 1	Zechariah 1	zechariah_001.txt
41	Zechariah	Zechariah	Zechariah	2	Zechariah 2	Zechariah 2	zechariah_002.txt
41	Zechariah	Zechariah	Zechariah	3	Zechariah 3	Zechariah 3	zechariah_003.txt
41	Zechariah	Zechariah	Zechariah	4	Zechariah 4	Zechariah 4	zechariah_004.txt
41	Zechariah	Zechariah	Zechariah	5	Zechariah 5	Zechariah 5	zechariah_005.txt
41	Zechariah	Zechariah	Zechariah	6	Zechariah 6	Zechariah 6	zechariah_006.txt
41	Zechariah	Zechariah	Zechariah	7	Zechariah 7	Zechariah 7	zechariah_007.txt
41	Zechariah	Zechariah	Zechariah	8	Zechariah 8	Zechariah 8	zechariah_008.txt
41	Zechariah	Zechariah	Zechariah	9	Zechariah 9	Zechariah 9	zechariah_009.txt
41	Zechariah	Zechariah	Zechariah	10	Zechariah 10	Zechariah 10	zechariah_010.txt
41	Zechariah	Zechariah	Zechariah	11	Zechariah 11	Zechariah 11	zechariah_011.txt
41	Zechariah	Zechariah	Zechariah	12	Zechariah 12	Zechariah 12	zechariah_012.txt
41	Zechariah	Zechariah	Zechariah	13	Zechariah 13	Zechariah 13	zechariah_013.txt
41	Zechariah	Zechariah	Zechariah	14	Zechariah 14	Zechariah 14	zechariah_014.txt
42	Malachi	Malachi	Malachi	1	Malachi 1	Malachi 1	malachi_001.txt
42	Malachi	Malachi	Malachi	2	Malachi 2	Malachi 2	malachi_002.txt
42	Malachi	Malachi	Malachi	3	Malachi 3	Malachi 3	malachi_003.txt
43	Isaiah	Isaiah	Isaiah	1	Isaiah 1	Isaiah 1	isaiah_001.txt
43	Isaiah	Isaiah	Isaiah	2	Isaiah 2	Isaiah 2	isaiah_002.txt
43	Isaiah	Isaiah	Isaiah	3	Isaiah 3	Isaiah 3	isaiah_003.txt
43	Isaiah	Isaiah	Isaiah	4	Isaiah 4	Isaiah 4	isaiah_004.txt
43	Isaiah	Isaiah	Isaiah	5	Isaiah 5	Isaiah 5	isaiah_005.txt
43	Isaiah	Isaiah	Isaiah	6	Isaiah 6	Isaiah 6	isaiah_006.txt
43	Isaiah	Isaiah	Isaiah	7	Isaiah 7	Isaiah 7	isaiah_007.txt
43	Isaiah	Isaiah	Isaiah	8	Isaiah 8	Isaiah 8	isaiah_008.txt
43	Isaiah	Isaiah	Isaiah	9	Isaiah 9	Isaiah 9	isaiah_009.txt
43	Isaiah	Isaiah	Isaiah	10	Isaiah 10	Isaiah 10	isaiah_010.txt
43	Isaiah	Isaiah	Isaiah	11	Isaiah 11	Isaiah 11	isaiah_011.txt
43	Isaiah	Isaiah	Isaiah	12	Isaiah 12	Isaiah 12	isaiah_012.txt
43	Isaiah	Isaiah	Isaiah	13	Isaiah 13	Isaiah 13	isaiah_013.txt
43	Isaiah	Isaiah	Isaiah	14	Isaiah 14	Isaiah 14	isaiah_014.txt
43	Isaiah	Isaiah	Isaiah	15	Isaiah 15	Isaiah 15	isaiah_015.txt
43	Isaiah	Isaiah	Isaiah	16	Isaiah 16	Isaiah 16	isaiah_016.txt
43	Isaiah	Isaiah	Isaiah	17	Isaiah 17	Isaiah 17	isaiah_017.txt
43	Isaiah	Isaiah	Isaiah	18	Isaiah 18	Isaiah 18	isaiah_018.txt
43	Isaiah	Isaiah	Isaiah	19	Isaiah 19	Isaiah 19	isaiah_019.txt
43	Isaiah	Isaiah	Isaiah	20	Isaiah 20	Isaiah 20	isaiah_020.txt
43	Isaiah	Isaiah	Isaiah	21	Isaiah 21	Isaiah 21	isaiah_021.txt
43	Isaiah	Isaiah	Isaiah	22	Isaiah 22	Isaiah 22	isaiah_022.txt
43	Isaiah	Isaiah	Isaiah	23	Isaiah 23	Isaiah 23	isaiah_023.txt
43	Isaiah	Isaiah	Isaiah	24	Isaiah 24	Isaiah 24	isaiah_024.txt
43	Isaiah	Isaiah	Isaiah	25	Isaiah 25	Isaiah 25	isaiah_025.txt
43	Isaiah	Isaiah	Isaiah	26	Isaiah 26	Isaiah 26	isaiah_026.txt
43	Isaiah	Isaiah	Isaiah	27	Isaiah 27	Isaiah 27	isaiah_027.txt
43	Isaiah	Isaiah	Isaiah	28	Isaiah 28	Isaiah 28	isaiah_028.txt
43	Isaiah	Isaiah	Isaiah	29	Isaiah 29	Isaiah 29	isaiah_029.txt
43	Isaiah	Isaiah	Isaiah	30	Isaiah 30	Isaiah 30	isaiah_030.txt
43	Isaiah	Isaiah	Isaiah	31	Isaiah 31	Isaiah 31	isaiah_031.txt
43	Isaiah	Isaiah	Isaiah	32	Isaiah 32	Isaiah 32	isaiah_032.txt
43	Isaiah	Isaiah	Isaiah	33	Isaiah 33	Isaiah 33	isaiah_033.txt
43	Isaiah	Isaiah	Isaiah	34	Isaiah 34	Isaiah 34	isaiah_034.txt
43	Isaiah	Isaiah	Isaiah	35	Isaiah 35	Isaiah 35	isaiah_035.txt
43	Isaiah	Isaiah	Isaiah	36	Isaiah 36	Isaiah 36	isaiah_036.txt
43	Isaiah	Isaiah	Isaiah	37	Isaiah 37	Isaiah 37	isaiah_037.txt
43	Isaiah	Isaiah	Isaiah	38	Isaiah 38	Isaiah 38	isaiah_038.txt
43	Isaiah	Isaiah	Isaiah	39	Isaiah 39	Isaiah 39	isaiah_039.txt
43	Isaiah	Isaiah	Isaiah	40	Isaiah 40	Isaiah 40	isaiah_040.txt
43	Isaiah	Isaiah	Isaiah	41	Isaiah 41	Isaiah 41	isaiah_041.txt
43	Isaiah	Isaiah	Isaiah	42	Isaiah 42	Isaiah 42	isaiah_042.txt
43	Isaiah	Isaiah	Isaiah	43	Isaiah 43	Isaiah 43	isaiah_043.txt
43	Isaiah	Isaiah	Isaiah	44	Isaiah 44	Isaiah 44	isaiah_044.txt
43	Isaiah	Isaiah	Isaiah	45	Isaiah 45	Isaiah 45	isaiah_045.txt
43	Isaiah	Isaiah	Isaiah	46	Isaiah 46	Isaiah 46	isaiah_046.txt
43	Isaiah	Isaiah	Isaiah	47	Isaiah 47	Isaiah 47	isaiah_047.txt
43	Isaiah	Isaiah	Isaiah	48	Isaiah 48	Isaiah 48	isaiah_048.txt
43	Isaiah	Isaiah	Isaiah	49	Isaiah 49	Isaiah 49	isaiah_049.txt
43	Isaiah	Isaiah	Isaiah	50	Isaiah 50	Isaiah 50	isaiah_050.txt
43	Isaiah	Isaiah	Isaiah	51	Isaiah 51	Isaiah 51	isaiah_051.txt
43	Isaiah	Isaiah	Isaiah	52	Isaiah 52	Isaiah 52	isaiah_052.txt
43	Isaiah	Isaiah	Isaiah	53	Isaiah 53	Isaiah 53	isaiah_053.txt
43	Isaiah	Isaiah	Isaiah	54	Isaiah 54	Isaiah 54	isaiah_054.txt
43	Isaiah	Isaiah	Isaiah	55	Isaiah 55	Isaiah 55	isaiah_055.txt
43	Isaiah	Isaiah	Isaiah	56	Isaiah 56	Isaiah 56	isaiah_056.txt
43	Isaiah	Isaiah	Isaiah	57	Isaiah 57	Isaiah 57	isaiah_057.txt
43	Isaiah	Isaiah	Isaiah	58	Isaiah 58	Isaiah 58	isaiah_058.txt
43	Isaiah	Isaiah	Isaiah	59	Isaiah 59	Isaiah 59	isaiah_059.txt
43	Isaiah	Isaiah	Isaiah	60	Isaiah 60	Isaiah 60	isaiah_060.txt
43	Isaiah	Isaiah	Isaiah	61	Isaiah 61	Isaiah 61	isaiah_061.txt
43	Isaiah	Isaiah	Isaiah	62	Isaiah 62	Isaiah 62	isaiah_062.txt
43	Isaiah	Isaiah	Isaiah	63	Isaiah 63	Isaiah 63	isaiah_063.txt
43	Isaiah	Isaiah	Isaiah	64	Isaiah 64	Isaiah 64	isaiah_064.txt
43	Isaiah	Isaiah	Isaiah	65	Isaiah 65	Isaiah 65	isaiah_065.txt
43	Isaiah	Isaiah	Isaiah	66	Isaiah 66	Isaiah 66	isaiah_066.txt
44	Jeremiah	Jeremiah	Jeremiah	1	Jeremiah 1	Jeremiah 1	jeremiah_001.txt
44	Jeremiah	Jeremiah	Jeremiah	2	Jeremiah 2	Jeremiah 2	jeremiah_002.txt
44	Jeremiah	Jeremiah	Jeremiah	3	Jeremiah 3	Jeremiah 3	jeremiah_003.txt
44	Jeremiah	Jeremiah	Jeremiah	4	Jeremiah 4	Jeremiah 4	jeremiah_004.txt
44	Jeremiah	Jeremiah	Jeremiah	5	Jeremiah 5	Jeremiah 5	jeremiah_005.txt
44	Jeremiah	Jeremiah	Jeremiah	6	Jeremiah 6	Jeremiah 6	jeremiah_006.txt
44	Jeremiah	Jeremiah	Jeremiah	7	Jeremiah 7	Jeremiah 7	jeremiah_007.txt
44	Jeremiah	Jeremiah	Jeremiah	8	Jeremiah 8	Jeremiah 8	jeremiah_008.txt
44	Jeremiah	Jeremiah	Jeremiah	9	Jeremiah 9	Jeremiah 9	jeremiah_009.txt
44	Jeremiah	Jeremiah	Jeremiah	10	Jeremiah 10	Jeremiah 10	jeremiah_010.txt
44	Jeremiah	Jeremiah	Jeremiah	11	Jeremiah 11	Jeremiah 11	jeremiah_011.txt
44	Jeremiah	Jeremiah	Jeremiah	12	Jeremiah 12	Jeremiah 12	jeremiah_012.txt
44	Jeremiah	Jeremiah	Jeremiah	13	Jeremiah 13	Jeremiah 13	jeremiah_013.txt
44	Jeremiah	Jeremiah	Jeremiah	14	Jeremiah 14	Jeremiah 14	jeremiah_014.txt
44	Jeremiah	Jeremiah	Jeremiah	15	Jeremiah 15	Jeremiah 15	jeremiah_015.txt
44	Jeremiah	Jeremiah	Jeremiah	16	Jeremiah 16	Jeremiah 16	jeremiah_016.txt
44	Jeremiah	Jeremiah	Jeremiah	17	Jeremiah 17	Jeremiah 17	jeremiah_017.txt
44	Jeremiah	Jeremiah	Jeremiah	18	Jeremiah 18	Jeremiah 18	jeremiah_018.txt
44	Jeremiah	Jeremiah	Jeremiah	19	Jeremiah 19	Jeremiah 19	jeremiah_019.txt
44	Jeremiah	Jeremiah	Jeremiah	20	Jeremiah 20	Jeremiah 20	jeremiah_020.txt
44	Jeremiah	Jeremiah	Jeremiah	21	Jeremiah 21	Jeremiah 21	jeremiah_021.txt
44	Jeremiah	Jeremiah	Jeremiah	22	Jeremiah 22	Jeremiah 22	jeremiah_022.txt
44	Jeremiah	Jeremiah	Jeremiah	23	Jeremiah 23	Jeremiah 23	jeremiah_023.txt
44	Jeremiah	Jeremiah	Jeremiah	24	Jeremiah 24	Jeremiah 24	jeremiah_024.txt
44	Jeremiah	Jeremiah	Jeremiah	25	Jeremiah 25	Jeremiah 25	jeremiah_025.txt
44	Jeremiah	Jeremiah	Jeremiah	26	Jeremiah 26	Jeremiah 26	jeremiah_026.txt
44	Jeremiah	Jeremiah	Jeremiah	27	Jeremiah 27	Jeremiah 27	jeremiah_027.txt
44	Jeremiah	Jeremiah	Jeremiah	28	Jeremiah 28	Jeremiah 28	jeremiah_028.txt
44	Jeremiah	Jeremiah	Jeremiah	29	Jeremiah 29	Jeremiah 29	jeremiah_029.txt
44	Jeremiah	Jeremiah	Jeremiah	30	Jeremiah 30	Jeremiah 30	jeremiah_030.txt
44	Jeremiah	Jeremiah	Jeremiah	31	Jeremiah 31	Jeremiah 31	jeremiah_031.txt
44	Jeremiah	Jeremiah	Jeremiah	32	Jeremiah 32	Jeremiah 32	jeremiah_032.txt
44	Jeremiah	Jeremiah	Jeremiah	33	Jeremiah 33	Jeremiah 33	jeremiah_033.txt
44	Jeremiah	Jeremiah	Jeremiah	34	Jeremiah 34	Jeremiah 34	jeremiah_034.txt
44	Jeremiah	Jeremiah	Jeremiah	35	Jeremiah 35	Jeremiah 35	jeremiah_035.txt
44	Jeremiah	Jeremiah	Jeremiah	36	Jeremiah 36	Jeremiah 36	jeremiah_036.txt
44	Jeremiah	Jeremiah	Jeremiah	37	Jeremiah 37	Jeremiah 37	jeremiah_037.txt
44	Jeremiah	Jeremiah	Jeremiah	38	Jeremiah 38	Jeremiah 38	jeremiah_038.txt
44	Jeremiah	Jeremiah	Jeremiah	39	Jeremiah 39	Jeremiah 39	jeremiah_039.txt
44	Jeremiah	Jeremiah	Jeremiah	40	Jeremiah 40	Jeremiah 40	jeremiah_040.txt
44	Jeremiah	Jeremiah	Jeremiah	41	Jeremiah 41	Jeremiah 41	jeremiah_041.txt
44	Jeremiah	Jeremiah	Jeremiah	42	Jeremiah 42	Jeremiah 42	jeremiah_042.txt
44	Jeremiah	Jeremiah	Jeremiah	43	Jeremiah 43	Jeremiah 43	jeremiah_043.txt
44	Jeremiah	Jeremiah	Jeremiah	44	Jeremiah 44	Jeremiah 44	jeremiah_044.txt
44	Jeremiah	Jeremiah	Jeremiah	45	Jeremiah 45	Jeremiah 45	jeremiah_045.txt
44	Jeremiah	Jeremiah	Jeremiah	46	Jeremiah 46	Jeremiah 46	jeremiah_046.txt
44	Jeremiah	Jeremiah	Jeremiah	47	Jeremiah 47	Jeremiah 47	jeremiah_047.txt
44	Jeremiah	Jeremiah	Jeremiah	48	Jeremiah 48	Jeremiah 48	jeremiah_048.txt
44	Jeremiah	Jeremiah	Jeremiah	49	Jeremiah 49	Jeremiah 49	jeremiah_049.txt
44	Jeremiah	Jeremiah	Jeremiah	50	Jeremiah 50	Jeremiah 50	jeremiah_050.txt
44	Jeremiah	Jeremiah	Jeremiah	51	Jeremiah 51	Jeremiah 51	jeremiah_051.txt
44	Jeremiah	Jeremiah	Jeremiah	52	Jeremiah 52	Jeremiah 52	jeremiah_052.txt
45	Baruch	Baruch	Baruch	1	Baruch 1	Baruch 1	baruch_001.txt
45	Baruch	Baruch	Baruch	2	Baruch 2	Baruch 2	baruch_002.txt
45	Baruch	Baruch	Baruch	3	Baruch 3	Baruch 3	baruch_003.txt
45	Baruch	Baruch	Baruch	4	Baruch 4	Baruch 4	baruch_004.txt
45	Baruch	Baruch	Baruch	5	Baruch 5	Baruch 5	baruch_005.txt
46	Lamentations	Lamentations	Lamentations	1	Lamentations 1	Lamentations 1	lamentations_001.txt
46	Lamentations	Lamentations	Lamentations	2	Lamentations 2	Lamentations 2	lamentations_002.txt
46	Lamentations	Lamentations	Lamentations	3	Lamentations 3	Lamentations 3	lamentations_003.txt
46	Lamentations	Lamentations	Lamentations	4	Lamentations 4	Lamentations 4	lamentations_004.txt
46	Lamentations	Lamentations	Lamentations	5	Lamentations 5	Lamentations 5	lamentations_005.txt
48	Ezekiel	Ezekiel	Ezekiel	1	Ezekiel 1	Ezekiel 1	ezekiel_001.txt
48	Ezekiel	Ezekiel	Ezekiel	2	Ezekiel 2	Ezekiel 2	ezekiel_002.txt
48	Ezekiel	Ezekiel	Ezekiel	3	Ezekiel 3	Ezekiel 3	ezekiel_003.txt
48	Ezekiel	Ezekiel	Ezekiel	4	Ezekiel 4	Ezekiel 4	ezekiel_004.txt
48	Ezekiel	Ezekiel	Ezekiel	5	Ezekiel 5	Ezekiel 5	ezekiel_005.txt
48	Ezekiel	Ezekiel	Ezekiel	6	Ezekiel 6	Ezekiel 6	ezekiel_006.txt
48	Ezekiel	Ezekiel	Ezekiel	7	Ezekiel 7	Ezekiel 7	ezekiel_007.txt
48	Ezekiel	Ezekiel	Ezekiel	8	Ezekiel 8	Ezekiel 8	ezekiel_008.txt
48	Ezekiel	Ezekiel	Ezekiel	9	Ezekiel 9	Ezekiel 9	ezekiel_009.txt
48	Ezekiel	Ezekiel	Ezekiel	10	Ezekiel 10	Ezekiel 10	ezekiel_010.txt
48	Ezekiel	Ezekiel	Ezekiel	11	Ezekiel 11	Ezekiel 11	ezekiel_011.txt
48	Ezekiel	Ezekiel	Ezekiel	12	Ezekiel 12	Ezekiel 12	ezekiel_012.txt
48	Ezekiel	Ezekiel	Ezekiel	13	Ezekiel 13	Ezekiel 13	ezekiel_013.txt
48	Ezekiel	Ezekiel	Ezekiel	14	Ezekiel 14	Ezekiel 14	ezekiel_014.txt
48	Ezekiel	Ezekiel	Ezekiel	15	Ezekiel 15	Ezekiel 15	ezekiel_015.txt
48	Ezekiel	Ezekiel	Ezekiel	16	Ezekiel 16	Ezekiel 16	ezekiel_016.txt
48	Ezekiel	Ezekiel	Ezekiel	17	Ezekiel 17	Ezekiel 17	ezekiel_017.txt
48	Ezekiel	Ezekiel	Ezekiel	18	Ezekiel 18	Ezekiel 18	ezekiel_018.txt
48	Ezekiel	Ezekiel	Ezekiel	19	Ezekiel 19	Ezekiel 19	ezekiel_019.txt
48	Ezekiel	Ezekiel	Ezekiel	20	Ezekiel 20	Ezekiel 20	ezekiel_020.txt
48	Ezekiel	Ezekiel	Ezekiel	21	Ezekiel 21	Ezekiel 21	ezekiel_021.txt
48	Ezekiel	Ezekiel	Ezekiel	22	Ezekiel 22	Ezekiel 22	ezekiel_022.txt
48	Ezekiel	Ezekiel	Ezekiel	23	Ezekiel 23	Ezekiel 23	ezekiel_023.txt
48	Ezekiel	Ezekiel	Ezekiel	24	Ezekiel 24	Ezekiel 24	ezekiel_024.txt
48	Ezekiel	Ezekiel	Ezekiel	25	Ezekiel 25	Ezekiel 25	ezekiel_025.txt
48	Ezekiel	Ezekiel	Ezekiel	26	Ezekiel 26	Ezekiel 26	ezekiel_026.txt
48	Ezekiel	Ezekiel	Ezekiel	27	Ezekiel 27	Ezekiel 27	ezekiel_027.txt
48	Ezekiel	Ezekiel	Ezekiel	28	Ezekiel 28	Ezekiel 28	ezekiel_028.txt
48	Ezekiel	Ezekiel	Ezekiel	29	Ezekiel 29	Ezekiel 29	ezekiel_029.txt
48	Ezekiel	Ezekiel	Ezekiel	30	Ezekiel 30	Ezekiel 30	ezekiel_030.txt
48	Ezekiel	Ezekiel	Ezekiel	31	Ezekiel 31	Ezekiel 31	ezekiel_031.txt
48	Ezekiel	Ezekiel	Ezekiel	32	Ezekiel 32	Ezekiel 32	ezekiel_032.txt
48	Ezekiel	Ezekiel	Ezekiel	33	Ezekiel 33	Ezekiel 33	ezekiel_033.txt
48	Ezekiel	Ezekiel	Ezekiel	34	Ezekiel 34	Ezekiel 34	ezekiel_034.txt
48	Ezekiel	Ezekiel	Ezekiel	35	Ezekiel 35	Ezekiel 35	ezekiel_035.txt
48	Ezekiel	Ezekiel	Ezekiel	36	Ezekiel 36	Ezekiel 36	ezekiel_036.txt
48	Ezekiel	Ezekiel	Ezekiel	37	Ezekiel 37	Ezekiel 37	ezekiel_037.txt
48	Ezekiel	Ezekiel	Ezekiel	38	Ezekiel 38	Ezekiel 38	ezekiel_038.txt
48	Ezekiel	Ezekiel	Ezekiel	39	Ezekiel 39	Ezekiel 39	ezekiel_039.txt
48	Ezekiel	Ezekiel	Ezekiel	40	Ezekiel 40	Ezekiel 40	ezekiel_040.txt
48	Ezekiel	Ezekiel	Ezekiel	41	Ezekiel 41	Ezekiel 41	ezekiel_041.txt
48	Ezekiel	Ezekiel	Ezekiel	42	Ezekiel 42	Ezekiel 42	ezekiel_042.txt
48	Ezekiel	Ezekiel	Ezekiel	43	Ezekiel 43	Ezekiel 43	ezekiel_043.txt
48	Ezekiel	Ezekiel	Ezekiel	44	Ezekiel 44	Ezekiel 44	ezekiel_044.txt
48	Ezekiel	Ezekiel	Ezekiel	45	Ezekiel 45	Ezekiel 45	ezekiel_045.txt
48	Ezekiel	Ezekiel	Ezekiel	46	Ezekiel 46	Ezekiel 46	ezekiel_046.txt
48	Ezekiel	Ezekiel	Ezekiel	47	Ezekiel 47	Ezekiel 47	ezekiel_047.txt
48	Ezekiel	Ezekiel	Ezekiel	48	Ezekiel 48	Ezekiel 48	ezekiel_048.txt
49	Daniel	Daniel	Daniel	1	Daniel 1	Daniel 1	daniel_001.txt
49	Daniel	Daniel	Daniel	2	Daniel 2	Daniel 2	daniel_002.txt
49	Daniel	Daniel	Daniel	3	Daniel 3	Daniel 3	daniel_003.txt
49	Daniel	Daniel	Daniel	4	Daniel 4	Daniel 4	daniel_004.txt
49	Daniel	Daniel	Daniel	5	Daniel 5	Daniel 5	daniel_005.txt
49	Daniel	Daniel	Daniel	6	Daniel 6	Daniel 6	daniel_006.txt
49	Daniel	Daniel	Daniel	7	Daniel 7	Daniel 7	daniel_007.txt
49	Daniel	Daniel	Daniel	8	Daniel 8	Daniel 8	daniel_008.txt
49	Daniel	Daniel	Daniel	9	Daniel 9	Daniel 9	daniel_009.txt
49	Daniel	Daniel	Daniel	10	Daniel 10	Daniel 10	daniel_010.txt
49	Daniel	Daniel	Daniel	11	Daniel 11	Daniel 11	daniel_011.txt
49	Daniel	Daniel	Daniel	12	Daniel 12	Daniel 12	daniel_012.txt
